ID del cliente,Edad,Género,Etnicidad,Ingresos anuales,Crédito actual,Historial de crédito,Deuda total,Límite de crédito,Tasa de interés,Número de pagos atrasados,Aprobación de tarjeta de crédito
1,74,Masculino,Negro,351573.67,6080.1,540,20553.42,752.8,11.74,9,Sí
2,25,Femenino,Asiático,878999.09,7955.39,642,87641.42,4920.46,9.27,1,Sí
3,82,Femenino,Blanco,433392.58,2674.85,572,7381.47,5418.06,27.84,11,Sí
4,45,No binario,Asiático,543133.12,2236.14,762,74666.42,11563.0,16.29,11,No
5,52,Femenino,Negro,544695.2,6214.4,801,44970.39,18537.93,1.82,4,No
6,41,Femenino,Negro,275289.13,4378.83,373,14133.62,18030.09,25.61,9,Sí
7,50,Masculino,Asiático,571431.81,4651.48,834,51300.56,10616.9,1.29,11,No
8,78,Femenino,Blanco,105191.03,3803.8,711,43660.6,14547.8,21.28,0,No
9,85,Femenino,Otro,726009.72,9291.03,586,90894.62,18040.72,5.18,0,Sí
10,76,Masculino,Latino,807842.09,449.37,676,85954.67,16229.54,9.89,2,No
11,47,Femenino,Blanco,94613.36,9386.85,671,86628.89,7472.2,26.03,3,Sí
12,32,No binario,Negro,971759.09,2765.64,451,60762.18,19032.64,24.54,9,No
13,46,No binario,Blanco,492106.11,5227.24,489,98701.67,2503.75,9.63,3,No
14,21,Masculino,Blanco,6214.67,2511.51,758,44026.04,4814.88,10.92,5,Sí
15,20,No binario,Latino,526276.7,6347.94,503,85669.73,10737.02,15.95,11,Sí
16,41,Masculino,Asiático,304377.01,2213.31,476,12530.12,16076.8,22.93,6,Sí
17,62,Femenino,Blanco,640735.14,4787.76,368,88921.64,11129.64,17.31,12,No
18,25,No binario,Otro,925747.05,2454.8,366,16785.14,2739.7,12.48,1,Sí
19,48,Femenino,Blanco,839240.48,3084.54,391,28376.06,10002.35,13.81,10,No
20,50,Femenino,Blanco,167260.89,3306.32,593,66285.9,9535.47,13.7,4,No
21,83,Femenino,Negro,286544.26,3313.73,449,14014.28,4546.94,26.04,11,No
22,59,Femenino,Negro,233128.22,4508.63,766,27874.94,18002.94,17.44,8,Sí
23,39,Masculino,Blanco,971818.42,3172.61,816,52201.6,17844.28,10.0,7,Sí
24,76,Femenino,Latino,254235.37,3693.76,713,74194.13,14768.2,18.18,12,No
25,36,Femenino,Blanco,834525.51,3349.82,654,13599.74,6959.63,21.25,5,Sí
26,69,Masculino,Asiático,436194.59,2609.92,570,12894.0,2150.86,19.46,10,Sí
27,46,Femenino,Latino,107754.83,9141.44,623,2256.89,17700.24,0.65,8,Sí
28,44,Femenino,Blanco,710760.24,2261.88,308,59630.89,12295.21,15.43,7,No
29,28,No binario,Blanco,7997.09,4334.13,500,87539.59,14695.2,5.61,1,No
30,57,Masculino,Blanco,719479.27,2259.08,535,2799.93,17316.13,27.95,10,No
31,37,No binario,Negro,298125.74,525.26,847,90978.5,2204.45,18.54,12,No
32,50,Femenino,Negro,786114.06,7153.15,791,89380.66,9938.47,12.26,9,No
33,22,Masculino,Negro,732470.75,31.56,622,53462.31,14317.98,2.81,5,No
34,18,No binario,Asiático,627962.87,7875.31,846,34385.33,5954.97,11.37,3,No
35,82,Femenino,Otro,398046.13,8883.15,324,20045.32,11978.32,8.54,0,Sí
36,19,Femenino,Otro,119871.45,7502.16,407,19855.05,2239.81,16.55,6,Sí
37,39,Masculino,Asiático,713500.09,4498.39,692,40316.99,17407.37,23.65,9,No
38,33,No binario,Blanco,195184.81,2865.75,520,71524.61,16183.35,25.23,3,Sí
39,53,Femenino,Asiático,829373.81,4773.86,711,58246.19,5714.91,20.2,10,No
40,48,Masculino,Asiático,303058.77,9769.36,764,79351.07,4799.7,29.18,7,Sí
41,70,Femenino,Blanco,789423.68,878.88,786,48072.98,1815.15,3.5,6,No
42,71,Femenino,Latino,709614.3,4987.95,316,32871.92,15935.45,22.92,2,No
43,66,No binario,Negro,975302.15,3290.57,302,56303.85,1002.43,3.96,4,Sí
44,30,No binario,Blanco,298139.0,7380.26,759,33634.56,14697.46,5.62,1,Sí
45,29,Masculino,Negro,247797.36,8101.99,751,63917.41,14670.59,17.34,3,Sí
46,62,No binario,Otro,844176.84,2071.72,574,74192.87,15087.99,20.47,9,Sí
47,54,No binario,Otro,620643.96,9510.94,820,83583.06,697.76,8.29,7,Sí
48,82,Femenino,Asiático,194615.73,2785.99,515,79618.64,13176.89,5.89,1,No
49,46,Masculino,Otro,610707.0,3204.22,495,10038.91,14858.11,26.1,10,No
50,68,Masculino,Negro,576577.26,3342.85,712,61428.77,12236.64,11.72,9,Sí
51,58,Masculino,Blanco,259009.84,964.58,498,71223.98,13677.29,3.53,3,No
52,40,Femenino,Negro,754826.55,8526.42,587,26229.56,3338.57,6.07,12,Sí
53,53,No binario,Blanco,451599.54,9715.34,476,36681.75,18285.21,13.37,7,No
54,53,Masculino,Otro,819184.22,9432.66,714,59853.94,8993.98,1.32,11,No
55,35,No binario,Otro,580631.22,1244.6,304,72943.08,18649.45,9.04,1,No
56,72,Masculino,Asiático,947731.63,6597.24,588,46539.66,12983.31,5.63,12,Sí
57,61,Femenino,Asiático,448491.24,2950.04,656,13861.82,1760.89,28.04,1,No
58,23,Masculino,Asiático,44609.38,4736.03,353,56397.2,19961.69,22.45,6,No
59,62,No binario,Blanco,124827.18,8484.73,499,93510.22,10793.17,23.4,4,Sí
60,32,Masculino,Asiático,360992.7,4726.2,357,90423.87,2537.84,25.42,5,No
61,32,Masculino,Asiático,379050.89,7348.4,498,99277.9,313.41,15.66,6,Sí
62,73,No binario,Asiático,68023.45,8682.85,416,86478.33,8343.37,20.16,6,Sí
63,69,Masculino,Asiático,712833.48,6877.09,788,86581.86,19469.33,1.43,9,Sí
64,54,Masculino,Otro,420171.21,8917.41,847,79992.5,2664.03,8.43,3,Sí
65,42,Masculino,Blanco,88146.77,6093.66,689,24550.49,5641.95,5.85,7,No
66,64,Masculino,Latino,813434.25,7619.29,648,3038.14,11969.33,8.02,3,No
67,36,No binario,Negro,425560.81,435.0,654,10750.93,14286.45,27.6,5,No
68,76,Femenino,Latino,573214.03,3936.04,795,24582.27,10397.17,6.78,4,Sí
69,84,Masculino,Negro,113314.53,7347.24,679,40888.92,3512.57,10.99,11,No
70,40,Femenino,Otro,546424.01,6772.75,499,19775.66,10766.39,9.25,0,No
71,53,Femenino,Negro,430725.07,6672.11,307,72744.65,3099.18,22.29,3,Sí
72,26,Femenino,Latino,972543.13,8627.31,473,9582.25,2271.77,12.64,0,No
73,68,Femenino,Negro,527524.29,4786.44,818,36323.29,12856.19,21.57,2,No
74,80,No binario,Latino,57026.82,5401.39,528,40038.01,1076.28,22.7,11,No
75,40,Masculino,Asiático,525748.69,3435.46,389,18708.31,7695.6,20.74,7,No
76,63,Femenino,Latino,829379.39,6908.27,634,49324.03,7274.47,7.35,9,Sí
77,74,No binario,Latino,874254.34,202.13,371,36990.39,14661.87,2.67,12,Sí
78,75,Femenino,Otro,313352.69,1041.39,585,28229.97,2017.13,17.97,0,No
79,54,Masculino,Negro,546672.11,5350.57,665,54437.44,11905.11,27.4,8,Sí
80,51,Femenino,Otro,658087.44,1178.06,640,57730.08,5370.27,0.65,5,No
81,27,No binario,Blanco,331772.37,3130.52,464,2694.49,5033.84,13.01,4,No
82,42,Femenino,Negro,856136.86,5308.14,778,26707.45,12397.82,24.76,5,Sí
83,63,No binario,Asiático,896175.2,1179.18,713,71931.3,7623.59,12.57,1,No
84,23,Masculino,Blanco,200273.9,7261.24,508,69061.46,13656.84,22.25,7,Sí
85,66,Masculino,Otro,607618.65,4829.78,718,3839.21,19045.65,2.35,9,No
86,71,Femenino,Blanco,750379.85,3033.59,303,92850.8,16678.02,8.11,6,Sí
87,55,No binario,Blanco,680625.54,1572.91,642,80047.92,4760.84,20.25,7,No
88,22,Femenino,Latino,360249.32,3067.81,769,72394.65,5056.59,11.98,11,No
89,51,Masculino,Otro,456239.42,3414.94,687,44282.66,2805.24,27.32,7,Sí
90,58,No binario,Negro,628015.99,7936.69,787,91404.57,8482.32,9.57,4,Sí
91,73,Femenino,Asiático,788717.07,2023.2,637,59673.01,482.61,0.76,6,No
92,67,No binario,Negro,94464.54,5697.07,384,21820.5,18985.36,0.11,5,Sí
93,72,Masculino,Latino,781794.64,3647.21,553,32451.65,4587.46,19.48,3,No
94,51,Femenino,Latino,894196.28,9362.93,691,33967.19,3845.64,11.09,0,No
95,19,Femenino,Latino,283744.25,7439.21,482,27452.74,6667.49,7.34,12,No
96,67,Masculino,Blanco,456925.27,2587.15,809,64661.25,632.35,17.38,11,No
97,78,No binario,Latino,363224.97,2701.37,486,73399.32,13999.37,9.04,0,Sí
98,38,No binario,Negro,724851.77,5863.72,749,14072.88,8492.73,15.24,9,No
99,66,No binario,Blanco,996580.82,1914.32,421,38627.17,11662.46,12.44,3,Sí
100,59,No binario,Negro,733938.53,2750.71,410,14105.43,703.52,25.97,4,No
101,36,Femenino,Asiático,134018.28,5554.69,473,29917.59,9362.96,20.18,5,No
102,79,Femenino,Blanco,36914.93,8118.65,746,88715.91,8973.86,24.12,4,No
103,72,No binario,Latino,633224.21,2322.36,468,53973.34,1254.34,0.47,0,No
104,66,No binario,Asiático,472089.36,7843.26,342,88999.01,14513.02,10.68,0,Sí
105,18,Femenino,Blanco,765347.83,6817.13,784,59315.41,19075.79,22.94,11,Sí
106,65,Femenino,Otro,888089.2,4346.66,558,35424.26,19777.14,17.69,4,No
107,78,Femenino,Latino,881241.74,5776.7,352,54665.5,14108.81,4.5,5,Sí
108,73,Masculino,Blanco,973654.16,6958.54,548,22623.14,1397.8,25.46,5,Sí
109,51,Femenino,Latino,339907.16,8.63,761,58313.45,7803.94,8.96,5,Sí
110,81,No binario,Blanco,826312.87,2944.89,623,97375.92,8472.17,7.51,10,Sí
111,73,Masculino,Latino,786613.07,7330.83,405,67722.23,3290.36,21.46,4,Sí
112,69,Masculino,Latino,484722.31,9004.78,553,14678.79,7015.96,25.73,0,No
113,75,Femenino,Blanco,152530.01,9480.4,427,1053.55,455.52,1.16,5,Sí
114,83,No binario,Otro,470053.8,6919.78,300,60394.82,13003.63,18.59,8,Sí
115,64,No binario,Otro,144671.61,1553.31,441,56202.83,8443.99,17.44,5,Sí
116,77,Femenino,Negro,144040.4,2121.81,637,49756.79,592.6,10.38,11,Sí
117,34,Femenino,Asiático,147071.69,3028.11,707,93983.03,9565.61,21.27,10,No
118,74,Masculino,Negro,96516.01,5243.46,492,35587.26,5722.41,26.56,9,No
119,85,Masculino,Otro,910565.17,1790.75,392,51362.71,11571.41,27.66,7,No
120,67,Femenino,Negro,631882.93,1288.0,490,98375.81,18193.09,25.22,0,Sí
121,28,No binario,Negro,124951.39,7716.28,755,66952.81,11666.68,27.8,3,Sí
122,34,No binario,Blanco,633922.48,6356.04,711,65912.07,17149.29,9.64,6,Sí
123,27,Femenino,Latino,128906.62,7046.51,325,24455.73,13807.91,4.32,10,Sí
124,75,No binario,Asiático,318210.77,6749.95,401,68081.35,10861.13,22.2,3,No
125,44,Masculino,Blanco,762660.06,1515.45,511,80221.44,3003.28,27.13,8,Sí
126,72,No binario,Blanco,433067.79,6229.43,721,66537.63,15655.89,3.16,10,No
127,48,No binario,Negro,724147.5,5949.37,746,1864.18,10616.52,24.9,7,Sí
128,23,Masculino,Otro,131779.0,4048.17,790,61386.66,15849.88,24.11,8,No
129,69,Femenino,Blanco,467843.0,1804.59,401,39572.63,10048.34,10.99,7,No
130,61,Femenino,Latino,373614.7,4798.79,407,84981.64,5779.62,9.51,5,No
131,26,Femenino,Latino,411018.9,983.19,775,60959.68,3701.68,9.07,2,Sí
132,59,Femenino,Negro,32523.46,4517.35,585,69248.18,15342.28,8.15,10,No
133,62,No binario,Otro,971234.09,9529.84,327,16867.87,15031.3,29.72,9,Sí
134,27,Femenino,Latino,950812.15,7024.12,713,54536.89,13116.85,13.93,11,Sí
135,74,No binario,Latino,618572.32,4378.42,566,72819.48,702.69,27.4,9,No
136,81,No binario,Otro,125598.43,9665.17,514,80898.13,3875.03,11.62,3,Sí
137,55,Femenino,Blanco,918269.06,3910.48,593,62426.05,16222.03,18.66,7,Sí
138,65,Masculino,Latino,148050.24,1923.36,817,60219.02,6278.86,6.89,5,No
139,21,No binario,Blanco,622498.89,2736.59,636,30482.95,8507.23,19.05,1,Sí
140,79,Masculino,Otro,379242.69,9458.19,387,44217.69,1054.75,24.21,7,No
141,81,Masculino,Otro,587049.47,6983.14,828,90721.27,10285.31,19.73,10,No
142,55,No binario,Latino,241176.55,1300.21,732,93292.3,4030.64,23.36,6,No
143,24,Femenino,Asiático,868533.82,4378.41,705,15598.55,18803.26,25.61,12,No
144,38,Femenino,Otro,47941.76,1274.54,700,87683.85,16381.09,9.1,1,Sí
145,25,Femenino,Otro,776937.1,6770.22,472,36110.3,18665.61,20.35,3,No
146,52,Masculino,Asiático,146818.98,5424.85,425,82904.59,13654.43,21.34,0,Sí
147,60,No binario,Blanco,428888.77,8678.79,485,68503.01,12361.22,10.22,5,Sí
148,25,No binario,Blanco,442789.11,552.54,791,85966.04,6326.73,10.69,8,No
149,74,No binario,Otro,364497.33,8403.09,388,13585.22,17633.65,6.67,2,No
150,34,No binario,Latino,734316.49,7437.7,393,93351.8,15702.73,28.84,4,No
151,23,Femenino,Asiático,919666.46,3745.9,774,96822.86,4016.82,3.35,0,No
152,55,Masculino,Latino,2431.63,7800.5,501,26041.35,19520.22,5.82,6,No
153,28,Masculino,Latino,845931.51,9925.83,651,74158.65,3099.67,29.28,0,No
154,46,No binario,Otro,823939.13,9849.54,376,52690.51,11988.98,5.42,11,Sí
155,42,Femenino,Latino,235449.25,7496.71,742,16086.14,10082.1,14.39,9,Sí
156,30,Femenino,Negro,821894.87,5459.98,353,40289.48,1788.13,27.75,4,Sí
157,68,Masculino,Negro,309390.88,739.22,634,94674.7,7708.8,22.36,12,Sí
158,33,Femenino,Blanco,379156.87,1050.89,692,3573.92,1633.64,0.98,4,No
159,67,No binario,Negro,658562.2,3637.73,838,67467.65,3617.66,27.82,0,No
160,47,No binario,Asiático,44419.43,3726.35,790,74088.25,13477.31,19.91,0,No
161,62,Masculino,Asiático,590803.58,4564.46,555,14993.22,10926.88,7.35,8,Sí
162,50,No binario,Latino,509713.71,9874.91,379,10827.75,13309.98,29.52,1,Sí
163,66,Femenino,Negro,828865.04,2911.03,479,99673.51,11755.06,22.02,4,Sí
164,35,Femenino,Asiático,877840.92,8978.45,848,34495.07,5215.99,5.94,8,Sí
165,58,No binario,Negro,612462.34,870.79,495,2312.98,16602.89,12.27,7,No
166,81,Femenino,Asiático,140804.32,7673.4,760,4719.88,2315.99,7.26,2,Sí
167,46,Femenino,Latino,701138.56,7082.77,352,63312.11,2119.74,15.85,6,Sí
168,73,Femenino,Otro,170300.08,9750.36,365,58371.8,4894.01,17.37,4,No
169,26,Masculino,Blanco,623863.52,1462.95,388,71951.77,8747.8,18.79,0,No
170,18,No binario,Asiático,977200.8,4080.74,307,38124.75,13308.82,3.4,8,No
171,72,Masculino,Asiático,666426.85,8979.91,408,56423.47,14395.46,17.85,12,Sí
172,26,No binario,Latino,982640.71,9817.06,597,19049.83,1036.27,23.64,4,Sí
173,28,Masculino,Negro,803237.8,483.25,494,90634.85,16755.24,23.45,12,Sí
174,26,No binario,Negro,541925.98,6146.6,781,6817.81,4997.05,7.88,8,No
175,72,No binario,Negro,464903.92,3752.41,715,85326.44,12579.85,13.61,11,No
176,84,No binario,Blanco,745020.81,620.66,846,4728.6,8467.02,3.95,9,Sí
177,33,Masculino,Blanco,1714.07,374.83,765,90724.01,13240.73,15.4,4,No
178,52,No binario,Asiático,514685.49,2090.68,314,9340.34,18704.44,26.5,6,No
179,49,No binario,Asiático,306744.53,9526.54,413,45900.11,11125.17,15.03,6,No
180,37,Masculino,Blanco,143348.35,5742.01,751,16561.89,15634.91,6.78,11,Sí
181,79,Masculino,Latino,919509.84,6698.61,738,97509.76,8620.54,2.83,9,Sí
182,32,Masculino,Negro,249022.31,3252.76,716,77152.91,14009.09,23.06,9,Sí
183,18,Masculino,Blanco,76621.91,7654.0,355,51041.57,19504.73,9.81,0,Sí
184,35,Masculino,Otro,529595.21,6057.69,644,10089.65,6884.91,5.25,5,Sí
185,48,No binario,Blanco,455262.67,2630.12,825,68475.15,3787.86,4.6,5,Sí
186,32,No binario,Blanco,546625.61,4341.99,572,64765.91,662.46,5.43,10,Sí
187,18,Femenino,Negro,452527.42,5109.4,301,75346.63,19656.36,14.99,5,No
188,35,Masculino,Blanco,76241.44,6550.6,416,11899.64,13392.42,13.31,3,Sí
189,47,Femenino,Latino,168563.15,3520.58,528,95105.11,6743.7,17.86,12,Sí
190,69,No binario,Blanco,31255.17,653.59,442,97758.49,15459.52,29.83,4,Sí
191,55,No binario,Asiático,476599.19,9051.35,555,14977.8,9789.53,7.75,11,No
192,20,Masculino,Latino,669878.29,590.18,468,21476.66,12612.43,0.87,0,No
193,49,Femenino,Latino,396824.28,2870.64,652,45884.7,11091.21,2.41,10,No
194,62,Femenino,Negro,977392.44,6728.4,369,15112.14,14237.23,21.38,11,No
195,80,Femenino,Asiático,914788.09,1857.81,841,55981.62,560.25,23.39,9,Sí
196,44,No binario,Latino,199733.78,3252.87,404,81947.97,17112.12,15.65,5,No
197,50,Femenino,Blanco,244321.57,5440.02,315,20813.07,9454.58,20.43,3,Sí
198,18,Masculino,Otro,731557.04,8449.07,540,13982.23,3104.19,29.91,0,No
199,78,Femenino,Latino,907652.36,8626.91,668,31836.04,14668.38,29.07,0,No
200,24,Femenino,Latino,417672.0,9028.5,648,7388.45,865.06,23.03,0,No
201,78,No binario,Blanco,752225.03,2093.33,557,68243.99,11413.23,22.37,4,Sí
202,63,Masculino,Latino,889147.33,6324.13,800,93671.9,2108.81,17.23,12,No
203,27,No binario,Negro,472635.61,528.57,498,78845.38,18336.96,1.28,8,Sí
204,79,Femenino,Blanco,45253.82,5515.32,822,45995.9,12468.64,28.92,9,No
205,83,No binario,Blanco,102845.22,3420.97,553,11198.53,19518.95,5.71,11,Sí
206,79,Femenino,Otro,209937.58,6488.06,770,78370.45,9469.02,10.15,5,No
207,80,No binario,Latino,654498.1,8532.19,771,55442.86,8279.98,16.15,4,Sí
208,25,No binario,Latino,996945.55,3078.6,396,60842.67,15833.62,20.16,12,Sí
209,19,Masculino,Blanco,320515.14,2366.13,341,27672.09,3664.4,25.45,12,No
210,39,Masculino,Asiático,477357.31,7586.77,337,22325.12,17555.05,18.63,3,Sí
211,84,Femenino,Otro,4188.99,8815.06,693,37353.89,9130.45,29.59,2,No
212,59,Femenino,Asiático,669623.92,342.01,634,91457.06,3102.7,11.5,11,No
213,46,Femenino,Negro,290887.8,3773.94,506,2993.78,3072.06,20.55,6,Sí
214,79,Femenino,Negro,648812.8,5496.97,335,86430.61,5539.98,8.04,9,Sí
215,74,Femenino,Blanco,766323.06,1326.27,390,56678.13,11984.18,8.32,3,Sí
216,31,Femenino,Latino,732881.13,707.03,302,51663.55,11934.8,29.32,7,No
217,63,Femenino,Latino,459755.2,5281.74,543,91455.66,15799.99,6.7,11,Sí
218,22,Femenino,Negro,233079.0,8234.01,356,56679.66,9677.04,10.37,2,No
219,42,No binario,Otro,70439.08,2817.27,342,90619.88,2299.01,28.51,10,No
220,29,Femenino,Negro,843025.72,166.9,466,13601.05,17675.48,17.36,3,Sí
221,35,Masculino,Latino,916735.31,703.29,742,6497.54,11839.61,8.27,8,No
222,66,Masculino,Negro,957339.81,5221.72,786,50722.16,3561.58,15.19,9,No
223,44,No binario,Latino,747649.66,5987.21,497,56558.27,16995.26,19.9,4,No
224,31,No binario,Blanco,870943.93,4216.96,633,36222.05,769.63,9.19,0,Sí
225,71,Masculino,Blanco,950009.33,5857.18,602,76824.78,9740.76,8.32,5,Sí
226,73,Femenino,Asiático,905714.35,3767.45,751,99057.5,13169.23,21.21,0,Sí
227,81,Masculino,Latino,704434.29,6047.29,578,28701.48,17352.57,26.94,6,Sí
228,50,Masculino,Asiático,978129.39,437.52,568,36346.33,17579.7,8.3,8,No
229,72,Femenino,Negro,139939.84,3239.4,302,90677.39,5122.39,29.07,3,Sí
230,34,Femenino,Latino,887976.8,9704.66,540,45137.57,9258.13,24.25,1,Sí
231,77,Masculino,Blanco,633448.3,4205.51,445,70372.06,731.85,4.29,9,Sí
232,19,Femenino,Otro,562534.52,2759.82,541,29707.91,17409.22,28.11,5,Sí
233,71,Femenino,Blanco,189695.79,4534.67,690,30961.89,8842.56,24.31,0,Sí
234,65,Masculino,Asiático,25225.54,8357.17,444,31803.61,15116.26,16.66,8,Sí
235,60,Masculino,Otro,792939.76,4421.63,473,69448.06,14432.27,6.97,2,Sí
236,45,No binario,Asiático,387486.65,6788.93,543,35251.29,16183.7,17.57,5,Sí
237,64,Masculino,Latino,515568.48,6078.84,603,99893.5,16221.44,26.83,4,No
238,24,Femenino,Latino,753387.32,4965.66,695,78676.08,17495.73,11.74,7,Sí
239,28,No binario,Otro,685356.83,6170.57,765,46277.84,1371.85,9.89,0,No
240,54,Masculino,Otro,308640.22,3465.97,591,78006.85,518.68,20.8,7,Sí
241,27,Femenino,Blanco,517580.0,6949.78,584,99322.69,9245.73,25.2,12,Sí
242,80,No binario,Blanco,873712.76,3797.38,672,12241.14,8989.36,9.94,0,Sí
243,45,Masculino,Otro,151288.0,963.97,749,99939.73,3175.28,24.83,7,No
244,73,No binario,Blanco,583304.18,1213.03,833,6647.27,19344.54,22.29,5,No
245,32,No binario,Negro,703798.57,6127.67,675,83633.09,15312.55,9.01,10,Sí
246,64,Masculino,Negro,527632.95,6857.43,728,1260.15,2837.56,2.18,0,Sí
247,35,No binario,Asiático,177724.44,9769.94,842,50430.36,12916.59,23.41,0,Sí
248,62,Femenino,Otro,134876.47,3625.21,503,26820.29,375.35,10.0,5,No
249,30,No binario,Negro,945757.25,2812.48,809,72319.32,16987.58,7.34,11,Sí
250,19,No binario,Blanco,586274.62,2964.02,807,56549.0,16082.76,19.04,7,Sí
251,48,Femenino,Latino,194935.25,5437.05,424,75109.14,10555.44,6.03,11,No
252,25,No binario,Negro,891578.8,7901.32,393,56704.56,11655.33,4.46,6,No
253,26,Femenino,Blanco,878679.99,8892.8,305,30577.03,7347.99,27.09,10,Sí
254,66,Femenino,Otro,556377.21,3835.24,687,17768.54,453.97,20.96,1,Sí
255,23,Masculino,Asiático,400280.79,7170.95,345,91091.77,9021.21,27.03,1,Sí
256,34,No binario,Otro,490402.53,9369.63,469,79308.16,7624.57,12.13,2,Sí
257,19,Masculino,Otro,957302.81,6688.21,627,73087.9,18533.07,12.34,2,Sí
258,46,Masculino,Otro,996984.45,971.2,335,76530.07,6155.0,25.6,9,No
259,83,Femenino,Blanco,408041.18,2231.8,507,34107.9,5676.2,21.96,11,No
260,50,Masculino,Blanco,572693.79,415.79,365,86612.42,3174.94,1.66,9,Sí
261,70,Masculino,Asiático,415540.68,790.22,796,71386.01,7606.69,14.16,0,Sí
262,57,Femenino,Asiático,268120.98,5892.48,540,90122.19,18570.55,13.85,11,Sí
263,80,Masculino,Blanco,23503.92,1172.96,602,37671.66,2979.47,6.42,10,No
264,77,Femenino,Negro,608897.51,590.82,682,45158.53,9773.03,4.57,9,Sí
265,45,No binario,Negro,296848.2,5438.41,444,89529.91,17003.62,16.96,6,No
266,51,No binario,Blanco,145670.43,5963.33,322,21111.22,15487.52,24.48,2,Sí
267,81,Masculino,Negro,763240.81,5583.84,534,29262.11,5961.95,10.81,9,No
268,35,Femenino,Asiático,693617.81,9676.17,312,44492.73,19101.74,26.58,10,No
269,50,Masculino,Blanco,169138.91,8529.25,359,23646.21,11367.98,0.31,11,Sí
270,50,Masculino,Asiático,932090.3,6419.37,733,51612.94,16269.76,12.33,2,No
271,84,Masculino,Otro,536351.55,9385.28,806,58917.09,7362.4,29.47,7,No
272,30,Masculino,Latino,399866.62,2370.06,604,22356.75,161.66,22.17,9,No
273,85,No binario,Asiático,846472.33,7122.76,398,70169.81,18707.82,28.11,4,Sí
274,65,No binario,Blanco,90821.03,581.08,719,86280.64,19961.82,3.62,6,No
275,84,No binario,Blanco,954381.45,1622.63,827,31070.43,10030.82,13.58,5,No
276,23,Masculino,Blanco,740314.88,5388.78,793,21514.33,8653.86,26.14,11,Sí
277,73,Femenino,Asiático,566468.97,1012.09,675,87586.19,7417.27,20.72,3,No
278,65,Masculino,Negro,418864.32,2738.94,711,11532.47,4833.5,22.36,9,Sí
279,80,No binario,Negro,850537.36,692.93,556,4189.23,18286.44,10.56,3,Sí
280,58,Masculino,Asiático,516007.3,6549.19,471,82516.24,8353.38,23.25,7,Sí
281,67,No binario,Asiático,292712.94,1953.65,344,63050.03,10281.52,21.4,0,Sí
282,53,Femenino,Otro,40804.78,8705.6,742,45248.55,19749.78,18.65,9,Sí
283,58,No binario,Blanco,640751.06,460.36,567,24596.22,18966.33,29.9,11,No
284,36,Masculino,Negro,398872.26,6318.17,690,89879.52,10883.2,28.45,6,Sí
285,70,No binario,Otro,524708.03,1649.74,348,44280.82,8238.04,3.1,2,Sí
286,63,No binario,Otro,436755.95,4390.96,668,64223.48,1927.95,15.71,4,Sí
287,71,Masculino,Latino,833804.4,7394.48,517,18945.98,15138.47,28.76,8,Sí
288,24,Masculino,Latino,909262.34,579.61,471,80723.29,4199.42,23.25,3,No
289,36,Masculino,Otro,159604.61,4147.69,570,78531.84,3472.25,28.82,8,No
290,36,Femenino,Otro,222592.09,5126.93,611,34839.25,989.9,24.68,3,Sí
291,57,No binario,Latino,973648.8,1230.05,361,4652.86,16182.84,4.4,5,Sí
292,52,No binario,Otro,346153.76,1795.58,417,50557.38,11560.02,3.0,3,Sí
293,70,Femenino,Otro,96042.06,3430.66,422,16084.8,17581.8,25.35,0,Sí
294,71,No binario,Blanco,46041.48,3976.16,357,83016.67,2322.52,1.36,8,No
295,56,No binario,Negro,575578.0,102.53,446,55388.2,15133.2,25.45,12,Sí
296,74,Masculino,Otro,639339.01,6991.3,541,46676.87,9636.22,16.59,4,No
297,23,No binario,Asiático,168456.2,860.58,424,45228.15,12107.35,9.58,3,Sí
298,57,Femenino,Latino,18584.01,7842.36,661,13985.81,19174.78,3.9,8,Sí
299,79,No binario,Latino,815247.56,2799.37,824,95989.55,17751.17,19.03,0,Sí
300,57,No binario,Latino,902044.87,3906.11,747,84947.99,6958.95,8.57,1,Sí
301,18,Femenino,Negro,938897.25,7019.09,545,14547.94,2405.51,26.27,6,No
302,36,Femenino,Negro,67718.27,6762.45,607,61648.45,3401.82,26.49,10,No
303,73,Femenino,Blanco,361461.31,6293.01,672,74905.11,15546.36,22.73,10,Sí
304,83,Femenino,Asiático,894424.1,4123.03,836,35424.57,13588.22,27.28,10,Sí
305,69,No binario,Otro,612430.89,3905.23,744,57040.99,16359.65,0.69,7,No
306,27,No binario,Otro,263057.51,4776.79,516,82930.2,19800.55,3.3,11,No
307,84,Femenino,Otro,376004.6,7379.81,807,6999.54,3188.94,8.92,5,No
308,45,Masculino,Otro,951539.59,4647.53,492,82147.89,1528.81,15.07,11,No
309,19,No binario,Asiático,165422.06,9589.06,807,11753.62,8403.77,0.89,2,No
310,49,No binario,Latino,283561.32,8493.87,410,33255.0,11136.11,5.84,3,No
311,72,Masculino,Asiático,273471.78,5928.03,633,30316.08,8399.11,27.46,0,Sí
312,57,Masculino,Otro,693403.28,5003.94,520,32084.28,19291.03,27.66,7,Sí
313,71,Femenino,Negro,926706.64,6627.35,695,89366.22,14201.67,5.76,8,No
314,22,Masculino,Negro,697856.75,4417.25,625,59083.2,10479.7,12.61,6,No
315,71,Femenino,Negro,670150.36,6680.53,651,45294.81,18787.49,25.7,0,No
316,59,Femenino,Otro,18272.19,4640.85,521,93307.65,825.7,14.48,12,No
317,46,Femenino,Negro,135366.55,4011.57,705,545.49,12067.77,16.49,8,Sí
318,82,Femenino,Blanco,649359.18,7022.88,789,53906.91,77.09,2.23,7,Sí
319,37,No binario,Latino,767215.9,3326.76,586,56388.25,6501.73,27.15,2,No
320,21,Masculino,Negro,754604.5,7290.83,635,54728.28,16580.03,12.82,4,Sí
321,23,Femenino,Otro,51937.15,6015.12,416,31428.26,19773.62,6.19,11,Sí
322,48,Femenino,Otro,655724.26,8986.44,790,68680.71,4560.31,28.18,8,No
323,82,Masculino,Latino,129227.48,6870.71,394,73949.46,14084.47,8.73,11,No
324,46,Femenino,Latino,357803.13,1530.27,318,61775.46,1374.08,3.73,10,Sí
325,36,No binario,Latino,9671.43,9830.32,558,19486.67,12371.69,26.32,4,Sí
326,61,No binario,Blanco,881143.78,3774.06,613,37875.92,18670.01,22.17,9,No
327,61,No binario,Otro,1443.47,8870.48,742,28526.85,271.95,26.91,6,No
328,81,No binario,Asiático,758116.49,5602.38,540,30782.81,8385.79,19.14,9,No
329,29,No binario,Latino,129855.94,6384.9,648,73389.17,6531.28,19.54,5,Sí
330,21,No binario,Blanco,619.99,1105.79,375,63314.84,10009.56,23.17,8,Sí
331,38,Femenino,Negro,402578.27,3479.86,634,42084.03,12533.82,0.43,2,Sí
332,53,Masculino,Otro,642805.92,4102.62,421,61274.13,107.86,2.46,10,No
333,67,No binario,Blanco,165824.31,820.18,413,32185.04,4050.74,26.39,2,No
334,83,Masculino,Asiático,708811.49,5636.46,590,80339.35,3720.32,4.18,11,No
335,66,Masculino,Otro,625112.33,6164.18,375,22687.35,16185.22,22.75,9,No
336,43,Femenino,Otro,868969.69,601.18,819,54830.07,14322.54,27.13,3,No
337,71,No binario,Otro,677282.63,3512.09,824,35302.62,19551.4,10.8,12,Sí
338,85,Femenino,Latino,314602.33,2377.9,734,22655.53,3534.0,5.43,2,Sí
339,39,No binario,Latino,954435.54,7851.68,420,14552.99,8474.52,22.62,0,No
340,63,Masculino,Otro,566490.48,6201.19,357,80173.66,2277.48,6.34,0,No
341,78,No binario,Negro,299959.77,294.76,586,72262.02,18409.59,21.91,7,Sí
342,59,No binario,Asiático,137367.93,908.6,779,58558.03,15832.68,10.27,9,No
343,61,Masculino,Blanco,197932.48,4542.1,654,75921.72,18123.79,14.51,3,No
344,67,No binario,Asiático,903996.07,3596.01,616,93947.21,18103.08,15.62,10,Sí
345,35,Masculino,Otro,899212.23,4944.6,742,25724.81,18666.63,10.2,11,Sí
346,54,Masculino,Blanco,170363.87,7630.0,680,14843.85,2235.09,11.59,10,No
347,65,No binario,Asiático,992798.76,8445.37,492,14205.26,15301.21,20.46,0,Sí
348,75,No binario,Latino,122031.16,467.82,694,27696.12,18627.34,24.03,2,No
349,69,Masculino,Negro,355626.66,1013.0,617,37983.23,13308.77,9.67,7,No
350,64,Femenino,Otro,53853.95,5251.76,593,3451.64,3809.98,11.99,1,Sí
351,39,Masculino,Latino,184995.54,8135.98,755,19398.95,15852.48,29.41,0,No
352,39,Femenino,Asiático,600541.66,2617.72,735,63738.34,5970.42,18.04,1,Sí
353,33,No binario,Asiático,277293.76,1622.53,416,20811.13,18489.76,13.63,12,Sí
354,43,Masculino,Blanco,74681.68,991.55,562,66758.97,6635.45,7.83,11,Sí
355,34,Masculino,Latino,233561.45,5376.54,560,68843.03,18518.0,20.64,3,No
356,52,No binario,Blanco,543605.3,9831.0,690,34692.95,11549.07,8.58,4,No
357,59,Femenino,Asiático,704369.64,9251.15,514,95463.12,1036.7,3.05,1,No
358,63,Femenino,Blanco,688642.52,4381.97,666,33371.27,410.32,2.93,11,Sí
359,51,No binario,Negro,392152.43,614.09,447,42338.49,8496.51,26.84,9,Sí
360,21,No binario,Blanco,913727.23,6999.4,459,6372.83,3998.72,26.51,3,Sí
361,47,No binario,Asiático,677808.72,3775.29,459,12889.51,6620.86,17.23,8,Sí
362,18,No binario,Asiático,242459.03,574.8,417,61913.15,14434.86,10.88,11,Sí
363,79,No binario,Asiático,757732.73,1964.85,719,15563.67,4469.51,11.78,2,Sí
364,43,Masculino,Otro,642147.2,2292.47,312,96785.78,11924.33,7.37,5,Sí
365,50,No binario,Otro,36517.94,6494.27,429,15545.64,1205.48,18.37,10,No
366,32,No binario,Latino,653909.71,5407.86,331,46207.33,4735.67,10.51,2,No
367,51,No binario,Asiático,136878.76,8845.3,368,1273.33,13118.85,28.02,10,Sí
368,20,Masculino,Negro,622549.52,2146.64,773,24820.53,15767.04,5.69,6,No
369,83,Masculino,Otro,95334.47,2285.46,453,1518.66,977.87,20.05,5,Sí
370,55,No binario,Otro,536166.32,417.15,637,10538.39,16450.78,13.83,0,No
371,31,Femenino,Otro,554518.26,5046.31,800,5514.36,11312.86,15.33,1,No
372,81,No binario,Asiático,211270.26,4652.06,627,38107.62,2011.58,22.45,11,Sí
373,36,No binario,Latino,67724.91,9733.08,658,84748.36,11359.85,8.79,2,No
374,82,Femenino,Negro,211741.27,8220.51,634,36913.97,5911.54,4.6,1,No
375,53,Femenino,Otro,262408.73,3315.63,704,97350.12,17735.69,22.76,12,Sí
376,69,No binario,Latino,29611.77,6561.99,836,22605.92,12539.83,11.89,11,No
377,44,Femenino,Otro,416358.14,9022.38,556,28337.91,6361.64,7.07,2,No
378,57,Femenino,Latino,650861.96,3660.67,636,65921.78,718.26,27.37,0,Sí
379,32,Femenino,Blanco,242072.77,6402.27,634,34062.78,16547.17,10.59,0,No
380,34,Masculino,Otro,28114.69,9419.31,616,2791.02,7738.2,21.54,11,Sí
381,21,Femenino,Latino,182267.38,6528.36,475,32213.6,18853.63,18.23,7,Sí
382,59,No binario,Latino,936701.8,924.77,445,31836.38,1404.19,24.35,10,Sí
383,70,No binario,Blanco,345291.46,1446.97,487,53223.74,8799.73,26.09,7,No
384,81,Masculino,Otro,618508.87,6354.7,646,16540.45,2466.5,5.3,11,Sí
385,40,Masculino,Latino,455980.72,1099.06,483,54781.0,18787.5,11.42,7,Sí
386,81,Masculino,Latino,504486.41,4294.6,653,48541.65,3781.94,2.01,5,Sí
387,79,Masculino,Blanco,52382.33,4274.15,534,92922.99,18891.76,12.22,4,No
388,49,Masculino,Blanco,222419.58,4023.07,439,67279.4,3049.39,14.96,9,No
389,31,No binario,Asiático,425746.08,8264.7,822,48736.53,4711.26,16.22,6,No
390,54,Masculino,Latino,362355.86,4268.4,402,21239.54,15437.19,19.03,10,No
391,32,Masculino,Latino,990864.44,4122.77,642,66082.12,4652.53,22.54,4,Sí
392,30,Femenino,Blanco,571348.33,5685.19,613,55289.62,14547.97,10.53,5,Sí
393,18,No binario,Asiático,5568.71,9889.35,406,98481.33,17054.39,19.71,3,No
394,72,No binario,Latino,988998.26,16.54,704,56482.31,14348.63,26.69,2,No
395,69,Femenino,Negro,828329.25,3856.69,693,74441.26,17528.25,12.13,7,No
396,54,Masculino,Negro,383336.07,9636.36,378,48456.52,19515.66,27.11,8,No
397,21,Femenino,Otro,723637.09,9145.16,354,37741.33,1246.99,24.77,1,Sí
398,29,No binario,Otro,19264.13,4338.22,455,18130.32,15429.73,4.7,3,Sí
399,65,Masculino,Asiático,52120.09,6922.69,741,27849.11,18015.71,9.36,1,Sí
400,59,Femenino,Asiático,592218.79,7389.66,359,86762.18,3175.6,24.41,10,No
401,71,No binario,Asiático,313044.47,2666.2,751,42507.59,9245.92,28.47,1,No
402,70,No binario,Blanco,993376.16,9363.24,794,67460.35,1363.92,21.47,2,Sí
403,79,No binario,Latino,321583.77,7934.95,742,48189.96,969.38,13.11,4,No
404,61,No binario,Asiático,770271.1,1304.79,426,54605.95,7809.72,5.72,1,No
405,71,No binario,Negro,554447.36,8383.18,393,21187.42,4845.23,5.46,11,Sí
406,42,Femenino,Latino,996053.27,1858.47,559,13519.93,18266.31,9.16,5,No
407,70,Femenino,Negro,920649.46,2804.36,700,68823.79,19776.3,26.9,10,Sí
408,48,No binario,Negro,560764.01,2881.83,529,52163.9,1228.76,17.44,10,Sí
409,24,Femenino,Blanco,696824.22,4332.97,339,28919.22,19212.1,22.52,9,No
410,36,Femenino,Asiático,982445.86,4080.91,599,47451.01,15347.73,25.67,3,Sí
411,57,Masculino,Otro,815542.24,5668.75,705,89112.21,13704.97,29.53,5,No
412,85,Femenino,Otro,633427.14,4104.8,587,22245.76,8630.94,1.41,12,No
413,26,No binario,Latino,667852.44,164.74,525,24485.28,19803.51,19.9,8,No
414,22,Femenino,Latino,774857.95,4600.26,786,39511.49,11540.95,1.36,4,Sí
415,32,Masculino,Otro,523899.89,5510.08,729,97231.54,14852.08,11.73,4,No
416,19,No binario,Negro,54801.35,3711.37,690,51272.93,18780.98,29.62,11,No
417,79,No binario,Negro,11524.68,9931.47,757,92526.22,5679.25,20.39,3,Sí
418,30,No binario,Negro,246607.68,9312.96,536,10431.32,9769.32,15.66,7,Sí
419,77,Femenino,Latino,352602.44,9157.17,562,60987.54,17487.67,5.11,6,No
420,26,Femenino,Otro,200861.82,7584.21,449,24205.6,9795.55,0.59,6,No
421,36,Femenino,Latino,986395.34,3865.38,794,67464.56,13193.17,8.56,7,No
422,52,Femenino,Latino,465130.32,4879.19,319,90272.57,2078.16,28.27,2,No
423,32,No binario,Negro,375456.25,7736.95,722,34505.12,1423.37,10.56,0,No
424,77,Masculino,Latino,292735.73,6554.95,743,22549.35,11793.67,7.79,5,No
425,81,Femenino,Blanco,60189.8,926.86,568,99898.94,7056.73,16.77,8,No
426,39,No binario,Blanco,138419.29,7312.86,406,92227.95,8607.49,17.44,9,No
427,24,Masculino,Latino,186096.3,4868.57,708,56666.84,7506.54,23.43,9,No
428,70,Femenino,Asiático,301515.98,7651.34,555,813.01,342.19,10.92,8,No
429,24,Femenino,Asiático,45375.12,5287.42,837,50393.14,13028.66,17.66,1,No
430,64,Masculino,Otro,549378.29,543.52,412,97067.46,9126.6,0.51,12,Sí
431,56,Femenino,Otro,298909.39,9095.22,568,76865.16,7556.41,23.93,7,No
432,28,No binario,Negro,493269.25,9838.46,720,58545.78,4852.02,26.27,7,No
433,24,No binario,Latino,728047.29,2955.31,741,7023.86,19466.5,29.45,0,No
434,26,No binario,Latino,318908.9,1411.16,508,59630.72,12141.45,29.39,11,Sí
435,50,No binario,Otro,221591.88,7341.43,376,22832.08,6019.94,8.62,6,Sí
436,43,Masculino,Otro,105157.09,1640.91,324,57850.1,11522.92,12.0,7,Sí
437,67,No binario,Asiático,672054.06,4561.15,512,10701.27,10737.62,17.44,4,No
438,30,No binario,Latino,275715.24,8021.65,478,6542.76,7161.2,10.79,5,No
439,68,Femenino,Otro,466080.39,127.34,748,73178.04,2730.57,21.61,9,Sí
440,57,Masculino,Otro,97406.91,6380.19,373,25529.25,142.83,8.19,12,Sí
441,61,Femenino,Otro,31949.51,3663.91,675,83269.96,3295.64,23.98,7,No
442,35,Masculino,Otro,653235.99,1841.25,383,38687.68,3510.49,24.11,7,Sí
443,35,No binario,Blanco,939803.06,6287.87,496,27457.24,9539.82,3.04,12,Sí
444,35,No binario,Blanco,915269.51,3791.94,584,33044.2,4349.17,29.39,9,No
445,51,No binario,Latino,908485.3,2516.91,747,91268.9,9885.64,1.27,1,No
446,79,No binario,Otro,695167.78,4762.97,734,50625.67,19287.53,0.65,2,Sí
447,83,Masculino,Blanco,568153.3,5750.34,675,35795.39,230.39,18.46,11,No
448,85,Femenino,Otro,422659.96,5268.59,406,27532.77,14404.73,6.55,8,No
449,79,No binario,Otro,770338.94,4541.28,593,59397.84,15917.11,12.22,4,Sí
450,45,Masculino,Blanco,216735.28,5602.51,677,7744.6,13566.97,29.66,9,No
451,64,Masculino,Negro,965504.49,2641.95,585,31506.93,19051.69,11.34,6,Sí
452,36,No binario,Negro,248992.54,2597.85,465,65118.9,1033.6,25.05,11,No
453,75,Masculino,Otro,105779.58,8377.58,646,12619.41,5074.73,24.18,4,Sí
454,68,Masculino,Asiático,64056.94,3230.49,481,32681.25,2440.45,18.98,8,No
455,67,Femenino,Otro,122393.19,8332.9,796,95309.26,11476.29,16.61,1,Sí
456,60,Masculino,Otro,272341.65,4628.58,583,7983.39,1260.53,27.26,9,No
457,40,Femenino,Negro,404725.85,8401.23,664,48855.42,6602.42,23.19,5,Sí
458,55,Femenino,Otro,920179.09,3297.08,648,80515.43,10567.35,13.85,8,Sí
459,73,No binario,Otro,801703.47,7380.41,317,26234.87,749.45,10.19,9,No
460,22,No binario,Asiático,941700.31,6504.7,694,51099.09,17931.16,29.22,12,No
461,83,Masculino,Asiático,322877.03,8696.81,824,81631.6,14564.47,12.25,10,No
462,72,Femenino,Blanco,441236.88,9429.9,605,19324.31,8815.6,23.31,5,No
463,34,No binario,Negro,554321.7,6090.52,666,5120.94,7346.18,24.47,11,No
464,35,No binario,Blanco,367072.54,1685.07,790,87613.03,3839.2,13.4,9,Sí
465,71,Femenino,Latino,199757.58,2062.36,815,83893.39,17483.91,8.8,6,No
466,85,Femenino,Negro,129395.33,1141.42,689,93479.11,15458.88,1.42,10,Sí
467,37,Femenino,Asiático,404808.41,7192.19,816,75697.46,17225.86,10.28,9,Sí
468,29,No binario,Latino,815785.47,2224.84,716,93068.39,9085.24,3.07,9,Sí
469,72,No binario,Blanco,986164.07,9404.33,357,70031.7,1260.56,25.09,5,Sí
470,33,Femenino,Otro,759262.71,9128.39,833,32155.33,4515.27,22.01,9,No
471,25,Femenino,Negro,53337.49,6571.73,687,55867.03,14053.46,17.86,5,Sí
472,85,Masculino,Blanco,423113.39,5606.64,370,7831.17,1824.39,18.38,1,Sí
473,21,No binario,Otro,662834.63,5633.62,597,17030.89,11190.03,27.59,8,No
474,64,Masculino,Blanco,39415.45,2297.32,618,11310.52,6789.46,27.17,2,Sí
475,29,Masculino,Asiático,752753.75,4781.56,419,32160.57,18896.58,10.95,7,Sí
476,29,Masculino,Negro,585301.86,986.48,492,61016.14,18266.35,26.99,3,Sí
477,61,No binario,Blanco,813089.47,6411.29,692,68376.29,11086.88,29.73,12,No
478,81,Masculino,Negro,117940.49,1436.06,313,53002.96,16054.01,1.39,5,Sí
479,59,Masculino,Asiático,615462.32,3151.94,553,74844.38,11703.06,20.54,8,Sí
480,18,No binario,Asiático,608337.79,2048.78,346,20037.29,2045.78,6.99,1,No
481,49,Femenino,Blanco,441674.44,7940.25,518,39067.5,12527.31,14.65,6,Sí
482,64,No binario,Negro,156139.12,5235.0,783,35503.29,6111.45,4.13,2,No
483,54,No binario,Asiático,511274.96,2660.33,796,8599.25,11169.75,7.01,5,Sí
484,66,Masculino,Negro,878979.21,5332.12,667,70691.4,16629.57,23.88,1,No
485,37,Masculino,Asiático,217311.65,6801.93,503,58126.73,15440.21,21.04,3,No
486,81,No binario,Negro,519103.28,1492.44,573,22319.05,11127.97,29.41,2,Sí
487,57,No binario,Blanco,486226.89,5368.16,600,37419.27,15448.67,10.57,3,No
488,68,Femenino,Negro,537035.8,8818.62,805,55273.22,7759.29,9.6,11,No
489,21,No binario,Asiático,597670.54,9201.36,594,44371.91,6630.52,13.91,1,No
490,33,No binario,Otro,502134.45,1696.2,617,25735.78,6557.03,9.61,8,Sí
491,55,Femenino,Asiático,908394.6,7929.53,843,38090.71,13166.08,26.55,10,Sí
492,19,Masculino,Otro,136607.68,2920.41,721,38004.13,3957.11,27.96,1,No
493,47,Femenino,Asiático,454478.08,9119.63,492,6235.32,17530.35,28.3,9,Sí
494,66,Femenino,Otro,24592.75,7316.78,652,42118.16,5365.56,29.25,10,No
495,22,No binario,Asiático,404060.39,9174.4,415,61248.26,2348.39,24.76,2,No
496,80,Femenino,Latino,435926.49,9215.58,320,11740.26,12079.09,3.91,4,Sí
497,35,No binario,Otro,767535.34,4355.58,830,40709.85,12721.13,29.76,9,No
498,42,Masculino,Otro,565569.35,2688.4,710,69631.5,14848.52,23.16,9,No
499,34,Masculino,Negro,443492.6,1417.99,398,60367.31,7623.36,11.16,9,Sí
500,58,Femenino,Negro,305402.87,3465.7,572,11504.6,6047.24,22.72,12,No
501,38,No binario,Latino,606544.5,9983.57,572,5406.62,14560.84,29.36,8,Sí
502,45,No binario,Negro,694307.61,799.13,449,55807.04,13520.87,2.13,12,No
503,44,Masculino,Negro,115237.33,3832.81,469,6543.93,15449.15,15.97,12,Sí
504,60,Femenino,Blanco,885343.38,5420.57,748,45098.71,5243.29,3.88,1,No
505,55,No binario,Latino,697139.98,1565.4,783,84764.27,11695.7,26.94,3,No
506,61,Femenino,Negro,216421.56,7492.78,733,96655.62,12794.07,14.95,10,No
507,40,Femenino,Blanco,756940.28,3946.46,505,8256.33,9283.6,12.48,3,Sí
508,56,Femenino,Asiático,559480.73,4762.06,380,96794.2,18544.35,28.48,11,Sí
509,59,Femenino,Latino,887202.29,4760.27,616,51258.52,14617.72,9.4,12,No
510,30,Femenino,Latino,734951.24,2695.57,483,46547.45,8504.8,6.84,7,Sí
511,63,Femenino,Asiático,98323.15,268.54,402,21991.7,3512.5,2.38,2,No
512,42,No binario,Blanco,230365.42,4004.92,661,31773.44,14239.49,26.48,6,Sí
513,63,No binario,Otro,52155.4,2931.66,794,94825.07,261.35,22.59,12,No
514,32,Masculino,Negro,664239.11,7560.83,669,23256.21,204.27,0.43,12,Sí
515,51,No binario,Latino,123544.64,9053.37,493,79720.29,16050.42,22.98,5,Sí
516,48,No binario,Asiático,40456.45,7146.92,529,98442.09,9239.88,27.35,12,No
517,71,Femenino,Asiático,348934.51,9505.89,397,28619.3,9848.1,5.28,5,Sí
518,33,Masculino,Latino,319252.57,828.57,819,28561.51,12540.8,14.25,12,Sí
519,84,No binario,Asiático,634288.84,6685.9,740,18151.32,15960.35,28.85,3,Sí
520,80,Masculino,Asiático,39377.38,2677.94,564,58058.46,1585.0,12.96,10,Sí
521,41,Masculino,Otro,877524.47,9721.81,409,57847.74,16962.1,23.73,3,Sí
522,51,Masculino,Negro,223656.56,3283.64,837,35488.22,11815.96,3.06,4,Sí
523,24,Femenino,Asiático,714061.39,5253.26,554,80623.82,18971.53,15.24,10,Sí
524,28,Femenino,Negro,258439.13,8010.39,793,26251.9,178.72,0.85,5,Sí
525,22,Masculino,Blanco,875680.67,4172.85,592,94020.82,12414.68,0.63,0,No
526,42,Masculino,Blanco,792542.62,151.75,664,57629.86,7883.87,12.87,9,Sí
527,26,Masculino,Asiático,561571.52,5818.5,666,39694.13,15781.52,11.61,0,Sí
528,29,Femenino,Otro,426458.41,1176.31,548,36354.06,17011.6,16.11,8,No
529,70,Masculino,Asiático,731856.47,5435.25,844,95290.63,17275.57,4.01,12,Sí
530,33,Femenino,Negro,469108.56,4560.78,622,15946.68,6378.54,3.53,4,Sí
531,19,Femenino,Otro,365634.34,4740.98,571,85928.57,317.16,13.22,1,Sí
532,69,Masculino,Blanco,266671.79,6039.71,712,38068.35,18278.5,11.78,7,Sí
533,42,Masculino,Negro,298576.36,6682.97,376,82537.15,19066.15,1.95,7,Sí
534,34,Femenino,Latino,304430.89,3686.82,556,7022.26,8811.75,27.2,7,No
535,29,Masculino,Asiático,485484.92,4801.05,807,17114.89,2926.28,18.4,5,No
536,66,Femenino,Negro,247706.5,8757.73,374,97362.56,12523.37,21.98,10,No
537,85,Femenino,Asiático,986189.82,729.99,453,95920.82,3780.58,22.68,5,No
538,71,Masculino,Latino,343914.37,452.91,810,13277.99,11870.81,21.77,1,No
539,72,No binario,Blanco,607887.78,5296.07,726,58844.37,18180.54,5.27,4,Sí
540,39,No binario,Otro,654025.68,44.49,813,95109.54,14503.97,15.41,11,No
541,43,Femenino,Asiático,797589.77,9015.0,662,81531.6,13739.3,12.01,11,Sí
542,45,No binario,Asiático,192181.97,2706.4,389,61983.32,13458.45,28.92,8,No
543,50,Masculino,Blanco,111275.28,807.54,571,97103.32,16861.14,26.91,3,No
544,75,No binario,Latino,53747.1,2953.85,375,63837.63,13301.62,28.12,3,Sí
545,67,Femenino,Asiático,523996.22,2881.12,515,70265.62,332.14,27.54,9,No
546,22,Masculino,Latino,651127.22,3649.57,513,18170.18,3615.58,1.84,8,Sí
547,84,Femenino,Otro,201067.2,5773.31,672,9039.92,10187.18,13.89,10,No
548,30,Femenino,Otro,206897.21,9701.96,430,98743.32,1865.64,18.27,2,No
549,41,No binario,Latino,296742.74,913.61,321,11045.53,10087.77,24.09,8,No
550,61,Femenino,Negro,107026.02,2951.85,300,44308.33,18860.42,16.71,12,No
551,59,Femenino,Asiático,937474.67,8383.05,800,10827.04,15626.91,1.87,4,Sí
552,37,Femenino,Latino,304883.4,7473.92,329,66131.44,14105.94,21.89,6,No
553,82,Femenino,Latino,522381.93,4554.6,509,7109.44,4361.37,28.05,2,Sí
554,41,No binario,Asiático,36920.71,9290.9,803,6354.35,3381.8,23.53,12,Sí
555,71,Femenino,Otro,946577.83,4752.64,597,52279.21,10598.7,18.16,10,No
556,37,No binario,Otro,373784.05,7426.28,529,95507.93,9355.0,15.37,10,No
557,72,No binario,Asiático,116171.09,4376.57,817,68916.84,7403.67,8.5,3,Sí
558,51,Femenino,Latino,123152.54,6453.78,531,32840.31,17501.67,4.4,0,Sí
559,67,Masculino,Negro,656528.04,1313.79,512,35527.65,14927.85,4.23,10,No
560,70,No binario,Negro,523436.49,3735.35,626,25938.45,13764.28,28.95,1,No
561,63,No binario,Asiático,423509.27,4320.31,615,38542.57,17326.96,15.09,1,No
562,68,Femenino,Negro,144906.44,3817.27,705,60339.59,5038.7,19.33,6,No
563,18,Femenino,Otro,11668.95,6357.82,339,19410.79,7883.52,9.12,12,Sí
564,52,Femenino,Latino,884640.2,8259.06,694,88634.06,7545.23,29.81,1,Sí
565,35,No binario,Negro,828438.92,4097.87,553,25495.39,9232.99,2.68,0,No
566,75,Femenino,Otro,85850.97,2504.2,361,57441.85,321.72,1.55,12,No
567,70,Femenino,Blanco,274982.05,9832.35,720,74847.66,8996.42,26.58,11,Sí
568,49,No binario,Latino,998782.61,5117.99,619,91696.13,16124.15,3.96,10,No
569,61,No binario,Latino,91815.68,5761.7,355,13259.8,6572.81,22.12,2,Sí
570,53,Masculino,Asiático,876718.15,2611.07,544,13289.21,16255.89,18.36,10,No
571,81,Femenino,Otro,197123.01,8650.06,325,20104.39,2696.74,5.96,11,Sí
572,57,Femenino,Blanco,574729.74,2766.33,665,13143.4,6806.2,23.9,10,No
573,36,No binario,Blanco,394145.31,5872.08,652,22911.62,13851.31,13.45,12,Sí
574,39,No binario,Blanco,740483.98,149.33,308,59982.34,3158.79,15.79,9,Sí
575,41,No binario,Asiático,22960.25,1674.66,539,54040.73,1068.27,19.83,11,Sí
576,28,Femenino,Latino,360879.5,6672.75,358,78046.99,503.84,17.35,4,Sí
577,69,Masculino,Blanco,715454.12,2589.67,847,53266.66,6678.15,9.03,1,Sí
578,73,Femenino,Latino,802524.11,5809.09,390,7438.63,11023.07,14.06,9,Sí
579,74,Masculino,Negro,181780.87,9363.84,814,47318.73,9045.88,26.35,7,No
580,85,No binario,Asiático,852656.57,7837.72,521,84818.98,6804.28,17.32,3,No
581,34,No binario,Negro,806781.32,4622.44,377,92186.97,17711.68,3.86,10,No
582,54,Femenino,Otro,725420.84,6859.65,818,50.44,13831.26,6.13,10,Sí
583,56,Masculino,Blanco,793554.13,5023.68,414,56727.03,5582.69,5.72,11,Sí
584,19,Masculino,Asiático,373063.97,8074.72,680,91649.35,14406.14,6.6,6,Sí
585,71,Femenino,Otro,691217.84,7736.18,672,94665.61,8591.31,24.41,2,No
586,77,Femenino,Blanco,936580.19,7171.42,603,79805.14,13077.01,8.96,8,No
587,61,No binario,Latino,221543.07,7658.39,567,95522.49,18373.46,0.53,4,No
588,29,Masculino,Negro,303017.62,1888.16,394,48115.41,16317.38,2.65,7,No
589,36,Femenino,Otro,138986.2,5541.32,732,54600.1,15208.89,10.66,8,No
590,28,Masculino,Negro,631346.36,9267.59,726,67678.37,3677.93,8.46,6,No
591,63,No binario,Latino,961237.3,1876.1,845,79825.13,12167.05,17.94,11,No
592,61,No binario,Latino,688160.33,9585.67,785,64521.22,6543.96,9.78,6,No
593,85,No binario,Asiático,465472.81,1407.41,322,76686.61,13342.21,5.19,10,Sí
594,48,Masculino,Blanco,300914.91,7833.95,573,44130.37,9964.97,9.75,6,Sí
595,21,No binario,Otro,643726.51,5044.26,672,79605.34,1070.98,27.72,2,No
596,21,Femenino,Asiático,465509.99,7619.55,343,21993.02,11524.78,1.09,12,Sí
597,21,Femenino,Otro,68269.24,9531.45,427,87837.06,16956.46,27.67,5,No
598,20,Masculino,Negro,907346.98,8294.82,475,35126.98,11187.25,17.36,7,Sí
599,70,Femenino,Otro,168967.58,474.73,687,66083.55,10102.12,19.6,4,Sí
600,29,Masculino,Otro,359898.33,2976.99,702,21944.37,18759.0,4.45,2,No
601,35,Femenino,Blanco,311927.31,8715.44,804,30490.94,2040.52,9.72,0,No
602,70,Masculino,Asiático,270406.99,6429.65,641,34286.14,1051.86,3.12,11,No
603,33,Femenino,Asiático,759049.15,9737.9,593,67968.9,6912.61,19.86,3,Sí
604,19,Femenino,Latino,946495.49,8389.73,374,14250.16,10585.3,19.81,5,Sí
605,34,No binario,Latino,23313.32,1164.8,642,7479.87,19069.92,16.25,6,No
606,41,No binario,Asiático,138919.31,234.68,761,55023.12,11257.05,4.25,4,Sí
607,51,Femenino,Otro,748909.57,9406.59,300,46623.18,17065.64,14.17,2,Sí
608,48,Femenino,Asiático,906130.81,4864.26,567,78670.38,8130.03,8.41,11,Sí
609,58,Femenino,Otro,98619.61,6567.36,379,17312.48,14171.94,2.24,8,No
610,66,Masculino,Latino,240496.47,5521.49,392,99721.88,5730.21,1.26,5,No
611,45,Femenino,Asiático,668529.19,7669.96,519,44794.9,2853.87,4.02,2,Sí
612,19,Masculino,Negro,50179.56,4853.71,561,15497.53,10677.05,20.53,10,No
613,52,Femenino,Latino,333915.69,4259.37,556,60279.82,9768.09,27.85,12,No
614,33,Femenino,Otro,968590.62,499.95,601,5149.18,18061.56,4.92,4,Sí
615,24,Masculino,Asiático,806669.3,5962.59,507,27028.99,11935.42,24.68,9,Sí
616,85,Masculino,Asiático,576735.84,6729.67,495,93516.19,11280.93,17.14,9,No
617,38,Masculino,Negro,734995.02,5079.07,382,86960.04,16726.01,2.0,11,No
618,40,Femenino,Latino,256507.14,2519.79,752,28556.97,17914.1,12.17,0,No
619,74,Femenino,Negro,481760.44,6677.11,678,4150.13,9020.67,21.59,1,No
620,61,Masculino,Latino,280347.17,8325.63,732,51582.29,9189.27,22.72,1,No
621,25,Masculino,Asiático,866286.41,6286.61,389,47813.96,1292.05,24.37,0,No
622,41,Femenino,Asiático,202631.95,1914.28,452,11782.63,17155.69,20.55,1,No
623,39,Masculino,Otro,303243.21,4875.87,301,58241.29,19214.13,19.74,9,Sí
624,43,No binario,Latino,856250.28,5945.03,511,79266.2,723.42,11.63,9,Sí
625,26,No binario,Asiático,530872.21,62.39,433,5145.0,17689.45,15.57,10,Sí
626,29,No binario,Latino,363987.31,5530.23,552,18152.63,2335.42,29.25,11,Sí
627,27,Masculino,Negro,601859.72,2323.38,784,7429.24,11101.9,9.41,9,No
628,39,Femenino,Otro,999584.06,6282.24,681,37980.01,13370.53,4.49,2,No
629,71,Femenino,Negro,623817.89,9932.61,421,90635.94,4057.31,3.16,10,No
630,59,No binario,Blanco,586874.05,6066.49,566,9900.14,9268.19,29.0,9,Sí
631,79,Femenino,Negro,81763.77,2707.0,850,78228.49,18555.36,25.64,9,No
632,68,Masculino,Asiático,858978.23,6751.63,386,66480.24,9752.46,8.94,5,No
633,33,Masculino,Latino,261714.86,1041.92,709,33952.65,15590.95,20.44,0,No
634,40,Femenino,Otro,832949.37,8414.68,701,21049.74,4593.62,1.45,3,No
635,22,Femenino,Blanco,12842.38,9404.23,555,17470.31,1069.17,15.3,11,Sí
636,44,Masculino,Otro,388266.65,168.38,468,6932.31,15095.42,27.48,0,Sí
637,38,Femenino,Negro,761215.89,8567.28,326,96297.64,15246.0,13.26,6,No
638,48,No binario,Latino,800612.73,2642.92,495,77971.45,9775.47,29.68,3,No
639,60,Masculino,Otro,846591.93,6965.16,518,48203.46,10176.94,27.88,9,No
640,78,Masculino,Otro,861822.97,1847.77,732,78935.75,10123.24,28.33,6,Sí
641,20,No binario,Blanco,733636.43,6870.02,538,81180.07,8697.84,7.85,6,No
642,54,No binario,Otro,391002.64,5328.89,764,26831.58,11883.93,4.64,12,No
643,70,Femenino,Negro,910999.77,3151.61,711,66587.1,7890.86,17.44,7,No
644,77,No binario,Asiático,666932.4,2402.25,356,56926.59,16897.53,11.8,0,Sí
645,80,Masculino,Blanco,390853.62,5251.76,324,39297.4,6126.7,2.7,10,No
646,45,Masculino,Latino,182894.78,8257.11,656,25234.43,2954.0,13.89,0,Sí
647,59,Femenino,Asiático,965656.06,555.95,390,4305.91,8188.84,25.94,11,Sí
648,69,Masculino,Asiático,270744.75,9154.42,477,83651.68,11610.39,9.75,6,Sí
649,21,No binario,Otro,806961.29,253.93,830,58415.11,8210.44,7.87,5,Sí
650,24,Masculino,Asiático,871443.78,9222.36,349,57946.84,17556.99,10.14,11,No
651,59,Femenino,Blanco,899112.12,5815.56,507,82590.38,7790.58,25.59,7,Sí
652,67,Femenino,Blanco,903284.05,8839.38,542,64018.27,13570.66,8.37,2,No
653,40,Femenino,Asiático,556541.25,6323.94,738,31119.9,13366.05,20.72,11,No
654,29,No binario,Negro,40559.54,5616.37,499,11203.46,17927.43,11.21,11,Sí
655,48,Femenino,Blanco,203347.34,1449.43,447,14811.4,1076.76,1.84,9,Sí
656,73,No binario,Otro,983840.0,1301.85,691,41968.66,11698.53,2.95,8,Sí
657,19,Masculino,Asiático,332214.81,3378.51,585,40315.73,7733.59,1.43,8,No
658,68,No binario,Blanco,669012.62,5036.84,473,80346.07,15774.51,8.92,4,No
659,54,Masculino,Otro,497278.55,9087.61,489,90162.11,15298.67,0.36,12,Sí
660,39,Masculino,Asiático,536362.84,5593.01,518,82775.42,16315.07,3.75,7,Sí
661,66,Masculino,Blanco,890022.92,4439.2,467,88371.77,8657.66,17.78,6,No
662,69,Femenino,Latino,324189.47,2450.35,482,88901.11,1930.29,4.67,6,No
663,73,Masculino,Negro,571365.94,3803.02,454,54506.16,4558.05,27.46,4,No
664,83,Femenino,Negro,789624.35,9714.19,681,42842.79,10991.05,18.9,1,Sí
665,48,Masculino,Blanco,788609.07,930.04,808,7498.43,15560.85,10.38,7,Sí
666,78,No binario,Blanco,540029.51,3271.27,584,89063.17,9462.13,0.95,9,Sí
667,35,Masculino,Negro,637949.66,4209.95,385,48530.72,17296.41,8.07,12,Sí
668,38,No binario,Asiático,560161.48,6321.47,581,49525.52,8842.31,11.56,12,Sí
669,46,Masculino,Blanco,789236.75,8324.1,759,44101.2,18823.1,10.93,12,No
670,35,Masculino,Negro,422215.11,5136.2,361,94963.86,3693.35,15.69,4,No
671,49,Femenino,Asiático,237955.17,8791.26,708,50111.31,16099.15,14.57,8,No
672,82,Femenino,Blanco,323994.79,2856.14,399,18688.77,8161.25,11.3,7,Sí
673,23,Masculino,Latino,474246.1,9771.68,511,77098.32,16579.75,0.6,11,No
674,22,Masculino,Blanco,685060.52,9331.99,384,870.77,6234.17,24.61,10,No
675,40,Femenino,Blanco,843675.12,7620.99,508,85418.89,2652.49,28.26,5,Sí
676,81,Femenino,Negro,25470.97,901.11,560,30217.43,14294.51,9.14,12,Sí
677,34,No binario,Negro,997929.33,9024.84,426,97985.39,13408.94,16.71,8,Sí
678,69,Masculino,Negro,855932.62,898.28,456,88147.29,3641.47,25.13,9,No
679,69,Femenino,Negro,528054.66,5611.63,457,81756.91,8779.85,1.04,5,Sí
680,23,Femenino,Asiático,38148.81,9026.29,553,90864.15,15075.97,19.36,1,Sí
681,58,Femenino,Blanco,967744.11,8151.96,314,74849.75,15610.91,16.98,12,Sí
682,45,No binario,Otro,814700.38,7000.95,689,30361.74,9824.97,20.41,3,Sí
683,29,No binario,Otro,411662.78,2128.9,684,99034.67,12567.86,3.87,5,No
684,72,Masculino,Latino,275159.28,7232.58,544,54407.66,14341.93,5.52,1,No
685,31,No binario,Otro,80071.95,3946.84,773,77616.68,12934.64,22.27,2,No
686,28,Masculino,Negro,287880.25,766.41,796,79984.84,16997.67,21.29,3,Sí
687,23,Femenino,Blanco,808097.5,8089.51,814,83173.93,17222.03,19.06,12,Sí
688,55,Masculino,Asiático,222454.06,9409.55,729,39119.67,4489.64,2.83,9,Sí
689,78,Masculino,Negro,731732.1,5133.85,536,44769.86,7182.31,21.0,7,No
690,53,Femenino,Asiático,202457.74,6686.2,845,89511.67,19037.72,25.36,8,Sí
691,37,Femenino,Otro,390092.64,5195.78,333,97679.49,2891.16,28.76,6,No
692,22,No binario,Asiático,888109.55,2368.8,810,84194.69,14036.5,20.7,6,No
693,73,No binario,Otro,753918.21,3723.95,536,77466.44,5296.4,0.93,5,Sí
694,72,Femenino,Blanco,143462.32,9144.43,691,31612.6,19816.3,16.96,2,Sí
695,25,No binario,Latino,327454.03,5921.71,443,31590.18,13694.98,2.32,0,No
696,40,Femenino,Negro,809644.87,2817.86,584,69246.07,5558.46,15.22,0,No
697,72,No binario,Negro,429825.76,7199.49,666,55800.78,7480.11,22.31,3,No
698,66,Femenino,Latino,645474.78,5803.96,522,62537.63,4160.98,13.66,0,Sí
699,57,No binario,Blanco,440596.03,9611.3,323,62311.57,13811.08,25.4,8,Sí
700,85,Masculino,Otro,623655.26,6040.83,623,15726.74,15061.99,12.98,11,Sí
701,34,No binario,Otro,585445.68,9572.52,726,54033.99,18496.33,29.97,7,Sí
702,60,No binario,Latino,932640.58,8481.68,608,89798.36,18804.89,22.96,7,No
703,26,No binario,Otro,823489.82,7344.2,512,45960.38,7295.95,13.56,1,Sí
704,78,No binario,Otro,692142.48,801.85,393,36945.42,85.49,27.2,7,No
705,53,No binario,Latino,407754.03,8743.03,332,20077.07,5522.43,8.55,8,No
706,81,No binario,Otro,805629.1,474.73,362,59336.24,8165.57,23.57,1,No
707,47,No binario,Negro,681681.32,9108.6,386,56709.34,14064.34,24.89,2,No
708,27,Femenino,Asiático,665076.2,1700.63,374,10318.88,13330.79,26.9,8,Sí
709,24,No binario,Negro,548058.37,9077.82,480,14702.95,2645.58,9.03,4,No
710,48,Masculino,Latino,46102.73,9698.44,621,95748.62,1601.36,16.97,3,No
711,65,Femenino,Asiático,112987.64,2040.34,840,87573.37,12421.12,23.71,12,Sí
712,33,Femenino,Asiático,224044.58,542.35,457,61802.87,10145.35,28.02,2,Sí
713,44,Femenino,Asiático,393012.7,2578.8,642,98326.31,12800.24,7.55,1,No
714,70,No binario,Otro,677612.44,3271.84,361,46274.05,14810.46,21.77,3,Sí
715,61,Masculino,Negro,585701.95,4462.57,312,20639.02,469.98,14.55,12,No
716,62,No binario,Latino,184572.92,4033.57,507,96562.77,11351.9,12.79,8,No
717,65,Femenino,Latino,740017.75,6870.42,521,87908.65,11678.26,5.49,2,Sí
718,57,No binario,Blanco,915660.16,6065.04,398,71688.9,2399.66,6.23,7,No
719,46,Femenino,Asiático,347295.44,675.17,474,97641.05,999.18,14.37,2,No
720,59,Femenino,Negro,105949.73,9920.85,669,61802.88,4681.91,16.13,4,Sí
721,25,Femenino,Negro,15259.51,2612.74,663,16901.8,11219.21,28.98,7,Sí
722,62,Femenino,Asiático,365445.61,8716.26,419,30098.09,14256.38,10.71,12,Sí
723,32,Femenino,Blanco,936758.12,5359.88,310,13546.38,15120.25,12.68,7,No
724,59,No binario,Latino,397676.03,2969.07,796,5383.82,6391.25,24.22,1,Sí
725,34,Masculino,Negro,617108.0,9397.72,413,77957.26,771.29,28.6,0,No
726,25,Femenino,Asiático,495250.81,1544.95,495,64048.43,3751.25,1.56,0,Sí
727,69,Femenino,Negro,408342.24,2763.98,673,4547.12,1903.79,9.02,11,No
728,41,Femenino,Negro,799742.59,2729.75,591,81578.68,12061.79,12.1,3,Sí
729,55,No binario,Negro,964435.38,2686.21,519,47086.55,10361.22,23.7,1,Sí
730,61,Femenino,Negro,670524.16,846.81,583,14472.4,916.41,23.48,7,No
731,44,No binario,Blanco,713882.19,3278.9,655,55040.76,16590.77,8.69,8,Sí
732,77,No binario,Negro,460788.29,4326.8,667,19783.62,18929.89,25.09,2,No
733,38,No binario,Negro,527765.03,7524.72,416,98272.34,16525.47,2.63,8,No
734,72,Masculino,Blanco,130062.14,6387.68,496,15738.3,9384.99,24.08,0,No
735,84,Femenino,Blanco,280955.54,8737.67,336,95727.68,9157.45,26.28,3,No
736,66,Masculino,Latino,824201.8,1369.78,530,14610.36,13829.72,15.73,9,No
737,64,No binario,Otro,849871.15,604.25,834,434.46,5666.98,23.04,2,No
738,50,Masculino,Negro,293994.49,9181.24,417,86031.87,13033.6,7.0,7,No
739,28,Femenino,Latino,542092.47,8831.37,758,70680.46,16828.71,13.42,9,No
740,37,Femenino,Negro,50362.58,9004.85,524,18822.63,9538.35,14.74,3,No
741,46,Masculino,Otro,687392.39,4790.63,389,56910.49,6880.53,27.91,5,Sí
742,52,No binario,Blanco,580493.86,3784.72,456,53361.29,16002.13,7.1,11,No
743,40,Femenino,Latino,279476.35,8842.37,821,23762.82,6418.53,14.57,10,No
744,81,Femenino,Negro,942693.27,2052.02,654,19177.06,822.51,24.96,6,No
745,42,No binario,Blanco,200956.07,944.0,560,79892.1,12773.26,2.16,0,No
746,71,Masculino,Blanco,335235.49,9437.94,731,54221.75,2263.3,20.64,2,Sí
747,22,No binario,Blanco,362582.33,8617.24,552,8842.68,10075.82,26.84,9,Sí
748,32,No binario,Blanco,147889.74,6708.89,757,58561.29,13871.17,19.85,9,No
749,62,Masculino,Blanco,846101.92,4610.73,534,20258.37,10925.94,18.02,10,Sí
750,77,No binario,Latino,962455.26,1040.98,509,90114.32,15314.05,9.34,1,Sí
751,22,No binario,Otro,277969.17,8684.36,826,34229.43,14048.56,21.49,7,Sí
752,48,No binario,Asiático,754866.83,8517.95,437,74837.81,12976.04,23.11,2,No
753,22,Femenino,Otro,117784.5,1706.0,442,67933.95,3527.32,9.79,5,Sí
754,21,Femenino,Negro,963214.11,376.48,449,26208.65,17365.9,20.06,9,No
755,49,No binario,Blanco,901556.14,1492.33,412,58188.73,1092.22,17.79,8,No
756,45,Femenino,Asiático,823946.17,6090.71,324,9316.63,15408.19,12.19,8,No
757,50,No binario,Otro,386524.41,2671.94,352,182.73,13157.93,4.19,3,No
758,48,No binario,Asiático,753202.65,6308.05,556,50393.2,6743.13,5.97,4,No
759,36,No binario,Negro,213322.9,3333.34,401,45124.62,276.48,13.83,4,Sí
760,26,Femenino,Asiático,30604.12,1940.14,756,20875.59,10716.45,16.67,6,No
761,78,No binario,Latino,918740.54,8810.82,424,76005.56,16683.93,16.86,8,No
762,29,Femenino,Asiático,25207.32,8269.55,815,26622.2,17960.46,23.2,9,Sí
763,77,Masculino,Asiático,716880.2,4165.35,675,81028.49,14698.18,13.39,6,No
764,70,Femenino,Blanco,752447.5,7938.51,588,38322.44,16477.37,7.68,1,No
765,67,Femenino,Blanco,699344.63,1832.64,799,13392.82,13764.63,14.76,4,No
766,77,No binario,Blanco,167300.65,2663.99,679,1847.71,7775.84,26.84,2,No
767,54,No binario,Blanco,465859.73,7633.02,735,77156.32,14374.03,22.7,3,No
768,24,Masculino,Latino,560861.2,2728.61,397,12742.41,4876.34,16.5,12,Sí
769,19,Femenino,Asiático,362642.12,3469.54,303,83832.44,13917.46,12.93,12,No
770,46,Masculino,Otro,892565.15,5946.81,486,94401.67,813.29,24.8,2,No
771,27,No binario,Negro,854903.8,2843.95,654,80748.39,1113.26,23.78,2,No
772,32,No binario,Otro,851737.32,3195.68,351,63776.42,5047.13,15.45,11,No
773,73,No binario,Otro,98395.0,4113.23,740,67989.82,19938.79,3.25,11,Sí
774,21,Masculino,Blanco,852514.47,6840.43,635,32726.09,11424.05,0.71,9,No
775,57,No binario,Blanco,218634.36,5256.36,680,89672.25,2988.52,20.47,2,Sí
776,54,Masculino,Latino,19639.3,1139.64,780,55682.47,10810.88,16.52,10,No
777,31,Masculino,Latino,634155.35,1087.96,440,67318.63,3868.39,18.77,9,Sí
778,76,No binario,Blanco,594442.44,1655.71,597,22884.52,7989.78,3.26,0,Sí
779,37,Femenino,Otro,851948.25,9131.58,701,72141.5,8326.78,0.19,2,No
780,49,Masculino,Negro,641634.21,9650.68,659,99012.92,17408.64,16.63,7,Sí
781,21,Femenino,Negro,10719.46,9285.15,545,87312.31,12262.32,2.92,0,No
782,73,No binario,Otro,760537.31,4907.5,817,71072.15,18894.53,10.99,12,Sí
783,78,Masculino,Blanco,972833.54,7130.23,570,41682.7,11795.3,25.61,9,Sí
784,52,Masculino,Otro,687571.83,2284.89,551,97832.82,5894.29,10.71,10,No
785,69,No binario,Otro,647906.39,6060.96,847,24165.33,19581.39,5.38,6,No
786,71,Masculino,Negro,396423.89,2724.76,339,58573.59,16389.39,9.75,6,No
787,50,No binario,Negro,221569.99,6946.71,429,97990.49,3680.93,26.76,0,No
788,29,No binario,Blanco,372311.46,222.1,582,35663.38,6256.72,3.92,7,Sí
789,70,No binario,Negro,766731.67,2591.83,754,75479.94,9567.27,0.45,8,No
790,73,No binario,Latino,374778.09,4880.76,570,97304.59,14776.77,26.49,8,No
791,19,Femenino,Blanco,137726.86,921.46,344,66713.21,725.17,18.51,2,No
792,50,Masculino,Negro,253024.44,8820.79,474,50093.25,6036.71,21.59,9,Sí
793,64,Femenino,Blanco,665183.96,3502.33,327,63364.01,3632.33,13.85,0,No
794,73,Femenino,Blanco,120895.34,3976.45,358,32635.77,7103.07,4.32,11,Sí
795,25,Masculino,Latino,191014.52,6583.2,677,53480.24,3326.45,27.59,7,Sí
796,66,No binario,Asiático,713673.57,5498.29,395,2953.15,12995.01,4.96,6,No
797,18,No binario,Otro,176532.61,8045.82,412,90562.32,4039.46,24.46,8,No
798,26,No binario,Latino,5966.97,1451.28,331,88483.22,14397.03,17.16,1,No
799,57,No binario,Latino,46498.89,8913.3,499,33355.8,7872.83,3.09,12,No
800,27,Masculino,Negro,689456.82,7857.49,489,33607.16,17505.27,16.96,11,Sí
801,47,No binario,Otro,49229.53,2675.34,547,73703.76,14006.79,12.7,11,Sí
802,84,No binario,Negro,621804.26,3795.03,803,71306.71,3581.55,0.62,7,No
803,40,No binario,Latino,537865.43,3911.3,510,84819.81,11341.39,3.88,3,No
804,31,Masculino,Negro,959986.19,7478.26,790,67742.06,3539.88,8.57,2,Sí
805,49,Femenino,Negro,667095.02,1901.81,667,78749.28,2349.68,12.41,0,No
806,76,Masculino,Blanco,318978.26,4941.31,732,67859.86,7569.61,8.39,9,Sí
807,67,No binario,Latino,186895.49,3832.1,809,39010.77,13032.12,9.05,8,Sí
808,22,Masculino,Negro,760491.47,7157.12,709,76428.34,18546.38,27.78,11,No
809,81,Masculino,Asiático,55367.27,8083.14,740,54079.18,15851.16,18.5,10,Sí
810,19,No binario,Latino,276013.69,2138.99,400,19801.82,11020.47,20.32,8,No
811,21,No binario,Negro,373776.08,9814.31,785,35793.34,12172.67,22.91,12,Sí
812,78,No binario,Blanco,630344.03,7926.26,308,65225.39,363.12,15.33,0,Sí
813,51,No binario,Otro,450255.3,7603.57,791,89788.11,4917.26,20.52,4,No
814,66,Femenino,Otro,616628.0,902.09,501,35983.51,2935.93,29.33,2,Sí
815,44,Masculino,Negro,267756.48,6174.23,386,44528.11,18674.1,26.41,4,Sí
816,52,Femenino,Blanco,790382.36,7129.15,850,56040.2,3945.57,13.24,4,Sí
817,59,Femenino,Negro,113141.48,1722.39,533,25773.47,394.96,4.79,2,Sí
818,22,Femenino,Negro,242834.75,7331.1,761,22517.54,19405.68,26.68,9,Sí
819,77,No binario,Latino,668908.96,9055.88,694,34664.3,13488.95,25.44,1,Sí
820,34,Masculino,Asiático,573586.23,6036.15,818,3632.65,5413.41,4.49,6,Sí
821,63,Femenino,Blanco,149549.84,9583.56,591,64866.33,15008.63,15.87,12,No
822,70,Femenino,Blanco,751496.98,4201.68,471,91238.54,6062.49,9.72,2,No
823,54,Femenino,Latino,370988.69,4998.81,675,45723.48,2863.5,8.12,1,Sí
824,39,Femenino,Asiático,25100.77,9429.76,556,33588.12,18782.75,23.69,3,No
825,21,Femenino,Latino,566688.35,9179.25,436,31411.1,6308.97,6.51,3,No
826,29,No binario,Otro,765431.54,1933.39,509,33794.16,7050.93,4.27,9,Sí
827,68,Femenino,Negro,509408.89,284.78,683,47313.02,7563.4,11.36,5,No
828,37,Femenino,Blanco,306157.54,4775.58,597,6350.06,18979.49,14.11,0,No
829,22,No binario,Blanco,887501.58,2086.49,696,95523.77,5209.55,23.53,5,Sí
830,35,No binario,Blanco,432145.38,806.54,505,13637.4,5403.49,21.89,10,Sí
831,61,Masculino,Blanco,171486.45,5596.98,305,15513.8,16291.49,12.94,1,Sí
832,84,Masculino,Asiático,328670.74,233.96,437,66344.3,624.41,0.41,0,Sí
833,33,Femenino,Latino,293241.81,5726.5,613,50485.6,3810.84,9.1,12,No
834,27,No binario,Latino,547563.9,7493.3,601,48542.42,15881.0,22.33,3,Sí
835,82,Masculino,Asiático,751033.48,8354.12,548,9624.98,3295.41,4.46,12,No
836,69,Femenino,Asiático,995455.55,546.09,461,55071.38,14482.37,21.66,6,Sí
837,33,Femenino,Blanco,31418.14,3299.91,779,56271.94,838.58,28.06,8,No
838,27,Femenino,Asiático,772274.34,1573.91,743,12841.74,10249.22,16.83,3,Sí
839,46,Femenino,Latino,902517.48,3514.82,489,22765.56,12729.55,18.84,8,Sí
840,57,Masculino,Asiático,663949.75,1268.01,568,88220.33,1105.03,19.28,4,Sí
841,64,Masculino,Blanco,760143.31,4673.66,305,97402.45,8389.46,14.74,7,No
842,19,No binario,Asiático,198760.02,9223.32,574,27936.09,7696.69,4.9,1,Sí
843,34,Femenino,Latino,166097.35,7766.31,563,17342.62,8601.08,24.97,6,Sí
844,79,No binario,Asiático,459569.95,7273.49,651,72688.54,4764.65,26.62,7,Sí
845,63,No binario,Asiático,961285.44,8752.95,786,73990.48,15152.53,20.66,4,No
846,23,Masculino,Blanco,293291.29,7862.37,517,77668.05,5237.32,20.46,5,Sí
847,37,Femenino,Otro,36446.19,3043.16,542,87074.21,9061.43,2.41,12,Sí
848,52,Masculino,Negro,989159.24,2274.62,514,97336.99,9325.38,4.69,5,No
849,73,Femenino,Asiático,79416.23,856.69,322,30386.65,11521.4,11.64,2,No
850,74,Femenino,Asiático,132683.62,1098.25,471,69211.29,5752.31,8.2,3,No
851,72,Femenino,Negro,277787.16,1878.85,328,49273.76,9324.36,6.8,9,Sí
852,53,Masculino,Blanco,326103.05,7591.36,707,81934.83,2460.41,23.48,3,Sí
853,56,Masculino,Otro,993981.84,352.76,469,79146.73,2042.65,5.3,9,No
854,73,No binario,Latino,595959.7,9170.06,794,3662.5,6034.97,23.95,8,No
855,49,No binario,Otro,512895.38,5969.29,634,69384.04,13141.59,2.65,6,No
856,69,Femenino,Blanco,630815.77,8631.58,321,31768.79,7097.51,15.72,7,No
857,35,Femenino,Negro,941717.34,4662.87,755,28190.23,2418.59,22.48,3,No
858,56,Femenino,Latino,487030.42,5850.52,396,62882.1,18610.88,21.23,10,No
859,44,No binario,Blanco,606299.55,504.87,731,26488.73,15042.1,25.46,0,No
860,83,No binario,Blanco,910382.92,8991.35,674,4518.99,4978.22,1.09,6,No
861,32,Femenino,Otro,887455.44,6288.5,407,96942.91,11944.79,15.6,7,Sí
862,55,Femenino,Negro,549726.4,4882.68,842,26355.58,9424.5,1.24,2,Sí
863,77,No binario,Otro,482309.17,5067.7,374,65780.97,10766.67,8.36,10,Sí
864,42,Femenino,Otro,337073.41,6512.62,354,79199.3,13025.59,7.3,6,No
865,78,Femenino,Otro,153549.53,2111.68,353,38111.53,8438.33,7.32,5,No
866,23,No binario,Otro,418618.82,7708.5,770,38726.97,13347.58,29.71,1,No
867,81,Masculino,Asiático,391124.66,1347.81,468,9923.06,8423.13,21.61,5,Sí
868,75,Masculino,Latino,3989.8,3856.61,398,94574.01,15170.62,23.64,1,No
869,68,Femenino,Latino,533073.56,2527.35,359,81940.39,2605.48,16.57,3,Sí
870,59,Femenino,Latino,829130.92,3051.13,780,42062.16,12517.28,10.37,10,Sí
871,40,Femenino,Otro,503.42,801.25,468,19251.38,15647.05,25.25,8,Sí
872,55,Masculino,Latino,805243.59,3824.67,641,51136.28,2080.85,18.85,12,No
873,74,Masculino,Asiático,613564.12,3917.76,436,58281.94,2709.5,23.37,4,No
874,37,No binario,Latino,837767.27,2695.2,421,76558.42,5043.27,19.54,6,Sí
875,61,Femenino,Blanco,302016.92,7138.46,716,25841.99,9650.23,27.44,1,No
876,78,Femenino,Otro,52647.51,3988.97,584,39162.03,7786.99,14.78,3,No
877,22,No binario,Latino,983670.25,6976.3,585,45373.65,11175.09,6.19,8,No
878,41,Masculino,Negro,821001.31,1173.96,513,22797.72,17304.24,5.38,6,Sí
879,33,No binario,Otro,835090.4,2409.77,474,54117.15,14927.62,3.12,6,No
880,34,Femenino,Latino,477234.69,4957.2,753,39719.8,13826.8,17.68,0,Sí
881,64,No binario,Latino,815268.59,9082.2,396,51971.68,16944.84,28.15,8,Sí
882,83,No binario,Negro,470258.73,881.04,833,8873.52,15914.21,10.56,9,No
883,78,No binario,Latino,724380.69,2008.66,413,77747.78,5957.08,0.21,9,Sí
884,67,No binario,Asiático,547973.57,4846.53,336,39621.58,9042.43,4.49,4,Sí
885,73,Masculino,Latino,695658.59,9480.19,648,86515.0,573.3,26.19,6,Sí
886,66,Femenino,Asiático,241740.36,6112.55,342,31886.59,3241.73,1.91,0,No
887,80,Femenino,Latino,550227.93,5211.18,752,89902.23,1397.53,9.74,12,Sí
888,79,No binario,Negro,921829.93,5718.61,350,63874.07,15662.95,10.19,4,Sí
889,47,No binario,Asiático,137893.95,6043.09,533,31960.2,8239.5,28.38,5,No
890,77,No binario,Negro,931678.29,9137.43,590,65844.32,12952.43,4.67,3,No
891,75,Masculino,Asiático,708636.17,8791.33,568,98285.48,9058.27,21.97,4,Sí
892,47,No binario,Asiático,825462.22,79.7,556,30743.98,15407.86,16.68,10,Sí
893,57,Femenino,Otro,581731.58,3213.94,319,11900.93,8064.56,5.24,9,No
894,34,No binario,Negro,247141.47,1255.87,504,91696.4,3660.8,7.37,7,Sí
895,30,No binario,Latino,918306.77,5845.72,564,1369.32,18034.74,22.4,0,Sí
896,79,Masculino,Latino,741932.32,8540.69,402,23193.57,10628.46,27.4,8,Sí
897,29,Masculino,Negro,774826.0,7257.06,341,28712.16,11758.34,14.37,6,No
898,62,Femenino,Otro,624245.39,2066.45,590,3384.69,9206.36,19.7,2,No
899,81,No binario,Otro,675672.74,2123.62,526,12243.52,9058.53,24.46,8,Sí
900,45,Femenino,Blanco,10629.77,9796.4,619,2755.85,1138.72,20.64,1,Sí
901,39,No binario,Latino,218088.66,5536.14,500,15908.12,16672.43,24.51,9,Sí
902,63,No binario,Otro,779246.39,2344.9,818,3214.27,9977.76,29.05,11,No
903,58,Femenino,Blanco,768039.3,493.76,618,82524.39,2503.66,9.81,10,Sí
904,32,No binario,Latino,374728.81,3760.31,426,25413.12,2723.41,4.11,2,No
905,63,No binario,Negro,627864.19,3580.38,423,85499.91,19847.38,8.11,1,No
906,21,No binario,Otro,517389.18,442.09,395,25499.78,8400.44,7.38,2,No
907,53,Masculino,Negro,451439.68,5198.01,563,22951.6,19590.47,17.15,0,No
908,21,Femenino,Otro,650866.64,7586.19,649,59693.5,3357.75,20.56,9,No
909,83,Femenino,Blanco,874235.24,1355.32,515,57581.87,18982.9,3.17,2,Sí
910,24,Femenino,Negro,726040.91,7554.19,428,9570.29,3134.0,0.95,5,No
911,40,Femenino,Blanco,525052.88,8017.92,385,67075.35,3285.16,11.13,2,No
912,27,No binario,Blanco,198517.89,4096.32,311,71711.2,16646.9,24.29,8,Sí
913,54,No binario,Negro,302158.59,9160.78,481,97440.81,16761.95,22.95,1,Sí
914,85,No binario,Blanco,931823.49,8687.41,733,38323.2,16787.33,16.72,12,Sí
915,37,Masculino,Asiático,180827.78,8550.13,707,17516.81,6098.89,8.32,11,Sí
916,84,Femenino,Asiático,210266.54,920.02,848,52595.98,13530.42,6.03,5,No
917,46,Femenino,Latino,679224.66,1609.32,539,57013.37,6932.1,29.02,0,No
918,80,Femenino,Otro,962525.59,651.78,354,54799.07,17855.66,19.68,12,Sí
919,82,No binario,Asiático,986404.11,9435.02,477,16395.8,6825.13,12.61,1,Sí
920,36,No binario,Negro,958157.59,1500.16,737,6899.6,19022.04,3.8,10,Sí
921,45,Femenino,Blanco,870119.29,1456.93,764,98460.64,17547.28,11.14,8,Sí
922,24,Masculino,Asiático,934738.45,8303.16,487,1216.56,4961.15,29.23,7,No
923,44,Femenino,Asiático,94597.29,5556.62,588,82843.27,10012.14,26.26,7,No
924,78,Femenino,Otro,72173.53,6960.88,780,67837.95,10137.43,21.15,2,Sí
925,65,Femenino,Negro,74254.25,4882.75,761,12431.36,4988.88,21.46,8,Sí
926,60,No binario,Blanco,172337.98,4868.75,698,9192.01,3289.85,14.72,0,No
927,23,Masculino,Asiático,609000.75,7298.59,539,73860.84,9492.47,27.71,10,Sí
928,31,Masculino,Blanco,370893.51,3402.63,597,86842.22,11991.21,11.32,12,Sí
929,52,No binario,Asiático,959089.24,7809.96,704,33191.42,754.49,19.71,12,No
930,36,No binario,Blanco,711887.7,4244.45,375,33561.07,12200.32,26.43,0,Sí
931,25,Femenino,Latino,880395.45,3379.38,714,18898.04,3651.3,10.02,0,Sí
932,71,Femenino,Negro,246242.97,8100.15,850,64541.75,6914.12,28.57,6,No
933,34,Femenino,Negro,418782.57,6744.26,483,41142.92,13577.46,16.11,4,No
934,24,No binario,Blanco,347417.15,2765.65,320,88150.57,15024.2,23.86,0,Sí
935,33,No binario,Asiático,545350.31,1220.79,730,61540.46,7221.88,29.0,2,Sí
936,48,Masculino,Blanco,164675.12,7965.23,347,35872.71,13232.72,19.21,2,Sí
937,66,Femenino,Blanco,904231.45,1562.98,501,70881.84,18006.69,23.91,2,Sí
938,52,Masculino,Latino,391101.23,2693.57,740,63417.11,3817.81,20.35,12,No
939,30,Femenino,Asiático,271634.38,3519.81,571,34872.39,10886.96,18.55,12,Sí
940,75,Masculino,Asiático,831702.02,1402.81,413,81527.95,1739.73,23.21,0,No
941,18,No binario,Otro,592470.73,4561.97,444,58938.13,4693.38,15.03,0,No
942,26,Femenino,Asiático,183977.97,4629.97,357,62571.4,5449.1,17.04,10,Sí
943,76,Masculino,Blanco,443536.69,6947.15,615,63646.77,8619.78,6.02,4,No
944,76,Masculino,Asiático,652591.48,377.04,368,34509.49,10654.71,25.7,2,Sí
945,56,No binario,Asiático,664284.38,5483.37,339,56461.05,10928.13,7.07,7,No
946,56,Masculino,Otro,147944.27,3295.78,435,11491.47,5188.38,17.87,6,Sí
947,58,Femenino,Negro,9671.14,4734.29,551,31695.19,7838.99,20.89,0,Sí
948,36,No binario,Asiático,773134.62,7972.19,462,47083.75,11941.46,3.51,2,Sí
949,38,No binario,Otro,711419.6,4617.05,598,38285.71,14420.46,7.09,7,Sí
950,64,Femenino,Blanco,655069.41,3742.46,331,19247.32,1736.68,15.8,1,No
951,67,No binario,Negro,917489.99,2047.35,818,87676.38,1073.74,5.9,0,No
952,23,Masculino,Blanco,550546.89,506.37,818,30806.47,17236.75,20.21,5,Sí
953,32,Femenino,Blanco,101418.13,5206.54,305,43564.84,18646.16,27.44,8,Sí
954,81,Masculino,Otro,202794.89,3842.9,600,65975.37,15826.19,7.28,1,Sí
955,35,Femenino,Otro,412087.63,1430.66,768,88430.3,10953.78,20.24,9,Sí
956,85,Femenino,Asiático,16891.48,4014.84,490,27413.55,5089.26,7.49,8,No
957,78,Masculino,Latino,715137.03,1743.96,579,1229.96,17184.94,23.17,10,No
958,58,Femenino,Asiático,950225.84,8096.25,695,8124.16,18183.01,9.91,2,Sí
959,18,Femenino,Blanco,746556.36,9589.34,758,62521.07,10947.9,21.81,0,Sí
960,64,No binario,Otro,923495.76,4601.65,477,5780.1,1220.99,29.8,3,Sí
961,42,Femenino,Negro,4984.79,5056.32,820,98152.32,10245.65,18.92,0,Sí
962,42,Femenino,Blanco,757947.88,4698.53,778,53179.48,9677.17,22.37,6,No
963,73,No binario,Negro,179466.52,445.79,471,47852.83,18958.69,5.69,8,Sí
964,29,Femenino,Blanco,964257.87,4797.56,420,8975.76,11256.8,0.73,2,Sí
965,56,No binario,Blanco,840695.35,6388.47,497,33850.2,18495.91,12.13,6,No
966,26,Femenino,Negro,33655.73,7537.59,529,13101.52,4229.27,3.58,4,Sí
967,40,Masculino,Latino,679198.79,3096.6,549,62559.1,12768.25,7.77,3,No
968,19,Femenino,Otro,800325.7,6241.36,420,14818.76,13383.98,14.76,3,No
969,56,Masculino,Otro,222409.96,9005.27,458,30071.54,3094.51,0.22,12,No
970,26,Femenino,Latino,284008.76,9389.07,598,37284.6,16537.69,17.49,10,No
971,76,Femenino,Asiático,302095.63,3944.41,434,39547.31,4455.59,20.54,3,Sí
972,71,Femenino,Otro,944466.99,2797.01,652,31211.63,9916.6,13.37,8,No
973,38,No binario,Blanco,876464.49,8222.44,570,75347.46,7123.73,5.15,10,Sí
974,51,Masculino,Latino,988086.66,7578.9,540,18485.77,6367.93,7.12,12,Sí
975,19,Masculino,Otro,173261.22,8439.48,825,66611.3,13773.6,22.53,11,No
976,22,No binario,Asiático,690380.09,7242.68,683,24653.51,12393.13,9.34,8,No
977,19,Masculino,Asiático,470151.2,4499.27,687,81840.06,18115.41,27.89,7,Sí
978,67,Masculino,Negro,250774.42,9164.32,594,92827.96,12362.27,6.9,5,No
979,50,No binario,Negro,460896.03,7582.49,509,80465.88,18751.62,24.45,11,No
980,85,Masculino,Otro,824090.57,7952.76,634,17558.45,17800.01,6.83,9,No
981,23,No binario,Latino,684506.48,4881.91,555,9558.69,17173.88,17.08,7,No
982,67,Masculino,Latino,264115.22,535.1,392,58296.79,15282.87,12.92,3,Sí
983,31,Masculino,Blanco,727176.26,5391.17,596,31441.7,16675.58,2.81,3,No
984,77,Femenino,Blanco,956212.1,8779.25,560,43120.58,3899.32,23.71,3,Sí
985,46,Femenino,Otro,346823.41,140.28,725,74035.13,7614.13,17.92,4,Sí
986,64,Femenino,Latino,649967.53,3469.0,333,49592.03,16207.41,5.13,8,No
987,18,Femenino,Otro,347526.63,3247.45,831,79172.05,9282.81,6.27,5,Sí
988,83,Femenino,Asiático,920690.03,3728.59,306,31415.78,1226.43,12.34,2,Sí
989,32,Femenino,Negro,442473.38,3310.8,744,20283.8,13201.43,12.48,9,Sí
990,19,Masculino,Negro,871828.12,3210.01,837,20211.15,5215.01,3.73,8,Sí
991,56,Masculino,Asiático,880343.9,5903.53,323,40258.09,12282.96,2.5,8,No
992,19,No binario,Negro,835759.89,8045.95,535,68651.51,9869.4,6.52,1,Sí
993,33,No binario,Negro,831300.45,566.01,444,36616.57,17810.23,16.2,9,No
994,64,Femenino,Latino,920101.04,5231.24,531,83179.17,4203.66,26.11,10,Sí
995,28,Femenino,Otro,351750.82,944.39,438,27628.88,19112.72,29.7,3,No
996,47,Femenino,Asiático,993577.89,6126.85,620,40159.56,1483.56,17.06,2,No
997,62,Femenino,Latino,156358.63,209.72,598,29166.07,19295.49,18.46,8,No
998,48,Femenino,Negro,948376.7,1510.13,566,88404.51,12337.99,5.01,8,No
999,64,Femenino,Otro,297259.45,2173.96,418,75065.68,2783.32,18.47,6,Sí
1000,42,Masculino,Blanco,587546.08,2595.79,570,70537.16,1116.85,1.71,9,No
